Adresse concat;Numero de voie et voie;immeuble residence;Appartement / etage;mention speciale / lieu dit;confidence score
8-12 RUE DES PIROGUES DE BERCY;8-12 RUE DES PIROGUES DE BERCY;;;;3.30
10 RUE TIMKEN;10 RUE TIMKEN;;;;3.30
8-12 RUE DES PIROGUES DE BERCY;8-12 RUE DES PIROGUES DE BERCY;;;;3.30
55 RUE D'AMSTERDAM;55 RUE D'AMSTERDAM;;;;3.30
107 RUE SAINT-LAZARE;107 RUE SAINT-LAZARE;;;;3.30
4 PLACE DES VOSGES LA DEFENSE 5;4 PLACE DES VOSGES;LA DEFENSE 5;;;3.40
46 AVENUE DES ALLOBROGES;46 AVENUE DES ALLOBROGES;;;;3.30
43-47 AVENUE DE LA GRANDE ARMEE;43-47 AVENUE DE LA GRANDE ARMEE;;;;3.30
GORANSGATAN 160 A;GORANSGATAN 160 A;;;;2.20
66 AVENUE CHARLES DE GAULLE;66 AVENUE CHARLES DE GAULLE;;;;3.30
2 RUE THOMAS EDISON;2 RUE THOMAS EDISON;;;;3.30
250 ROUTE DE L'EMPEREUR;250 ROUTE DE L'EMPEREUR;;;;3.30
76 RUE DE PRONY;76 RUE DE PRONY;;;;3.30
13 BD DU FORT DE VAUX;13 BD DU FORT DE VAUX;;;;2.80
3 RUE JULES HENRIOT  ZONE PENTAPARC;3 RUE JULES HENRIOT;;;ZONE PENTAPARC;3.90
7 BOULEVARD DE LA MADELEINE / M D. LOUVET;7 BOULEVARD DE LA MADELEINE;;;M D. LOUVET;3.40
1 RUE DU 1 MAI;1 RUE DU 1 MAI;;;;3.30
8 AVENUE HOCHE;8 AVENUE HOCHE;;;;3.30
95 RUE LA BOETIE;95 RUE LA BOETIE;;;;3.30
43 AVENUE PIERRE MENDES FRANCE;43 AVENUE PIERRE MENDES FRANCE;;;;3.30
200 RUE DE LA RECHERCHE;200 RUE DE LA RECHERCHE;;;;3.30
RUE DES SPINETTES 13;RUE DES SPINETTES 13;;;;2.70
50 AVENUE D'ALSACE;50 AVENUE D'ALSACE;;;;3.30
10 RUE ALBERT EINSTEIN;10 RUE ALBERT EINSTEIN;;;;3.30
24-26 RUE DE LA PEPINIERE;24-26 RUE DE LA PEPINIERE;;;;3.30
CARGO 5 - 10 RUE DU PAVE  BP 11431 TREMBLAY EN FRANCE;10 RUE DU PAVE;CARGO 5;;BP 11431 TREMBLAY EN FRANCE;4.70
10 ET 12 BOULEVARD MARIUS VIVIER  MERLE TOUR OXYGENE;10 ET 12 BOULEVARD MARIUS VIVIER MERLE;TOUR OXYGENE;;;3.90
RUE DE L'EUROPE;RUE DE L'EUROPE;;;;2.70
1 RUE EULER;1 RUE EULER;;;;3.30
8 RUE FRANCOIS VILLON;8 RUE FRANCOIS VILLON;;;;3.30
NIEUWENHUIZENWEG 3;NIEUWENHUIZENWEG 3;;;;2.20
ZI PORTUAIRE  ROUTE DU QUAI MINERALIER;ROUTE DU QUAI MINERALIER;;;ZI PORTUAIRE;3.80
ORANGE STREET 1209  CORPORATION TRUST CENTER;1209 ORANGE STREET;CORPORATION TRUST CENTER;;;3.90
12 RUE NOTRE DAME DES VICTOIRES;12 RUE NOTRE DAME DES VICTOIRES;;;;3.30
AVENUE LOUIS LESCURE;AVENUE LOUIS LESCURE;;;;2.70
PARC EUROPE TERTIAIRE BAT D 340 AVENUE DE LA MARNE;340 AVENUE DE LA MARNE;BAT D;;PARC EUROPE TERTIAIRE;4.50
1 AVENUE DE L'HORIZON;1 AVENUE DE L'HORIZON;;;;3.30
HERIKERBERGWEG 88;88 HERIKERBERGWEG;;;;2.80
232 RUE DE RIVOLI;232 RUE DE RIVOLI;;;;3.30
200 RUE DE LA RECHERCHE;200 RUE DE LA RECHERCHE;;;;3.30
8 AVENUE HOCHE;8 AVENUE HOCHE;;;;3.30
2B RUE ALBERT BORSCHETTE;2B RUE ALBERT BORSCHETTE;;;;3.30
21 AVENUE DE COLMAR;21 AVENUE DE COLMAR;;;;3.30
163-165 AVENUE CHARLES DE GAULLE;163-165 AVENUE CHARLES DE GAULLE;;;;3.30
AU FONDS RACE 25  B 4300 WAREMME;AU FONDS RACE 25;;;B 4300 WAREMME;2.50
1 BOULEVARD MALESHERBES;1 BOULEVARD MALESHERBES;;;;3.30
25 AVENUE DE L'OPERA;25 AVENUE DE L'OPERA;;;;3.30
15 RUE TRAVERSIERE;15 RUE TRAVERSIERE;;;;3.30
68 RUE DU FAUBOURG SAINT HONORE;68 RUE DU FAUBOURG SAINT HONORE;;;;3.30
13 RUE DU DOCTEUR LANCEREAUX;13 RUE DU DOCTEUR LANCEREAUX;;;;3.30
9-11 RUE PIERRE MAGNOL;9-11 RUE PIERRE MAGNOL;;;;3.30
2 AVENUE DE L'ENERGIE;2 AVENUE DE L'ENERGIE;;;;3.30
250 ROUTE DE L'EMPEREUR;250 ROUTE DE L'EMPEREUR;;;;3.30
11 ROUTE DE PITHIVIERS;11 ROUTE DE PITHIVIERS;;;;3.30
11 RUE DE TILSITT;11 RUE DE TILSITT;;;;3.30
TOUR LANDSCAPE 6 PLACE DES DEGRES;6 PLACE DES DEGRES;TOUR LANDSCAPE;;;3.90
7 BOULEVARD DE LA MADELEINE / M D. LOUVET;7 BOULEVARD DE LA MADELEINE;;;M D. LOUVET;3.40
13 AVENUE LEBRUN;13 AVENUE LEBRUN;;;;3.30
201 BISHOPSGATE;201 BISHOPSGATE;;;;2.80
14, RUE EDWARD STEICHEN;14, RUE EDWARD STEICHEN;;;;3.30
ZI LE BOIS CHEVALIER;ZI LE BOIS CHEVALIER;;;;2.20
255 QUAI DE LA BATAILLE DE STALINGRAD;255 QUAI DE LA BATAILLE DE STALINGRAD;;;;3.30
22 RUE DU DOCTEUR LANCEREAUX;22 RUE DU DOCTEUR LANCEREAUX;;;;3.30
1 RUE EULER;1 RUE EULER;;;;3.30
ZONE INDUSTRIELLE;ZONE INDUSTRIELLE;;;;2.20
39 AVENUE GEORGE V;39 AVENUE GEORGE V;;;;3.30
ORANGE STREET 1209  CORPORATION TRUST CENTER;1209 ORANGE STREET;CORPORATION TRUST CENTER;;;3.90
39 AVENUE GEORGE V;39 AVENUE GEORGE V;;;;3.30
INGELMUNSTERSTEENWEG 58;INGELMUNSTERSTEENWEG 58;;;;2.20
704 RUE PIERRE ET MARIE CURIE;704 RUE PIERRE ET MARIE CURIE;;;;3.30
11-13 RUE DES OSIERS;11-13 RUE DES OSIERS;;;;3.30
43 AVENUE PIERRE MENDES-FRANCE;43 AVENUE PIERRE MENDES-FRANCE;;;;3.30
RUE GABRIEL PERI;RUE GABRIEL PERI;;;;2.70
43 AVENUE PIERRE MENDES-FRANCE;43 AVENUE PIERRE MENDES-FRANCE;;;;3.30
7 PLACE DU CHANCELIER ADENAUER;7 PLACE DU CHANCELIER ADENAUER;;;;3.30
118-120 RUE DE RIVOLI;118-120 RUE DE RIVOLI;;;;3.30
RUNCORN SITE HQ SOUTH PARADE  PO BOX 9;SOUTH PARADE;RUNCORN SITE HQ;;PO BOX 9;3.60
1 PLACE D'ARMES;1 PLACE D'ARMES;;;;3.30
ZI N° 1 EST;ZI N° 1 EST;;;;2.20
C/O ALLEVARD REJNA AUTOSUSPENSIO SERVICE COMPTABILITE BP 629;BP 629;;;C/O ALLEVARD REJNA AUTOSUSPENSIO SERVICE COMPTABILITE;2.70
TOUR LANDSCAPE 6 PLACE DES DEGRES;6 PLACE DES DEGRES;TOUR LANDSCAPE;;;3.90
A L'ATT DE M. CHRISTIAN NEGREL 14 PLACE DES VICTOIRES;14 PLACE DES VICTOIRES;;;A L'ATT DE M. CHRISTIAN NEGREL;3.40
1 RUE EULER;1 RUE EULER;;;;3.30
38 RUE JACQUES IBERT;38 RUE JACQUES IBERT;;;;3.30
25 BOULEVARD MALESHERBES;25 BOULEVARD MALESHERBES;;;;3.30
PLATZ DER REPUBLICK 1;PLATZ DER REPUBLICK 1;;;;2.20
DENIS PAPIN BUSINESS PÔLE LES PRÉS 18 RUE;18 RUE DENIS PAPIN;;;BUSINESS PÔLE LES PRÉS;3.90
A L'ATT. DE M. ANH-VIET NGUYEN 21 AVENUE DE COLMAR;21 AVENUE DE COLMAR;;;A L'ATT. DE M. ANH-VIET NGUYEN;3.40
2-22 PLACE DES VINS DE FRANCE BAT B;2-22 PLACE DES VINS DE FRANCE;BAT B;;;3.90
1 BOULEVARD VICTOR;1 BOULEVARD VICTOR;;;;3.30
49 RUE DE PONTHIEU  LOT 41;49 RUE DE PONTHIEU;LOT 41;;;3.90
120 AVENUE CLEMENT ADER PARC DU MOULIN BP 42;120 AVENUE CLEMENT ADER;;;PARC DU MOULIN BP 42;5.10
BAMBERGER STRASSE 25;25 BAMBERGER STRASSE;;;;2.80
32 RUE DE PARADIS;32 RUE DE PARADIS;;;;3.30
DE LA LAUZIERE PICHAURY 2 780 RUE GUILLIBERT GAUTHIER;780 RUE GUILLIBERT GAUTHIER;;;DE LA LAUZIERE PICHAURY 2;3.60
6 PLACE DE LA MADELEINE;6 PLACE DE LA MADELEINE;;;;3.30
21 RUE ALEXANDRE ADAM;21 RUE ALEXANDRE ADAM;;;;3.30
24 RUE AUGUSTE CHABRIERES;24 RUE AUGUSTE CHABRIERES;;;;3.30
26A BOULEVARD ROYAL;26A BOULEVARD ROYAL;;;;3.30
JACOBUS SPIJKERDREEF 20-24;JACOBUS SPIJKERDREEF 20-24;;;;2.20
21-37 RUE DE STALINGRAD IMMEUBLE LE BAUDRAN;21-37 RUE DE STALINGRAD;IMMEUBLE LE BAUDRAN;;;3.90
183 RUE DE COURCELLES;183 RUE DE COURCELLES;;;;3.30
8 AVENUE HOCHE;8 AVENUE HOCHE;;;;3.30
8 AVENUE HOCHE;8 AVENUE HOCHE;;;;3.30
111 AVENUE VICTOR HUGO;111 AVENUE VICTOR HUGO;;;;3.30
4 PLACE VICTOR HUGO IMMEUBLE REFLEX LES RENARDIERES;4 PLACE VICTOR HUGO;IMMEUBLE REFLEX;;LES RENARDIERES;4.00
22 RUE DU DOCTEUR LANCEREAUX;22 RUE DU DOCTEUR LANCEREAUX;;;;3.30
EDISONBAAN 14E;EDISONBAAN 14E;;;;2.20
104 RUE RICHELIEU;104 RUE RICHELIEU;;;;3.30
66 AVENUE CHARLES DE GAULLE;66 AVENUE CHARLES DE GAULLE;;;;3.30
35F AVENUE JOHN F. KENNEDY;35F AVENUE JOHN F. KENNEDY;;;;3.30
RUE GALILEE PARC DE L'ETOILE;RUE GALILEE;;;PARC DE L'ETOILE;3.30
USINE DE BEAULIEU BP 50;USINE DE BEAULIEU;;;BP 50;3.00
15 APPOLD STREET;15 APPOLD STREET;;;;3.30
1 AVENUE EUGENE FREYSSINET;1 AVENUE EUGENE FREYSSINET;;;;3.30
23 RUE FRANCOIS 1ER;23 RUE FRANCOIS 1ER;;;;3.30
AVENUE HOCHE 8;AVENUE HOCHE 8;;;;2.70
14-16 RUE MARC BLOCH;14-16 RUE MARC BLOCH;;;;3.30
23 RUE FRANCOIS 1ER;23 RUE FRANCOIS 1ER;;;;3.30
NO 28 TRAN HUNGDAO STREET;NO 28 TRAN HUNGDAO STREET;;;;2.70
28 RUE MOGADOR;28 RUE MOGADOR;;;;3.30
75 RUE DE TOCQUEVILLE;75 RUE DE TOCQUEVILLE;;;;3.30
PHILITELAAN 57;57 PHILITELAAN;;;;2.80
10 RUE MICHEL SERVET;10 RUE MICHEL SERVET;;;;3.30
8-12 RUE DES PIROGUES DE BERCY;8-12 RUE DES PIROGUES DE BERCY;;;;3.30
Z.I. LES PLENESSES 7 CHEMIN DE XHENORIE;7 CHEMIN DE XHENORIE;;;Z.I. LES PLENESSES;2.90
EUROPARC DE PICHAURY BAT D1 1330 RUE GUILLIBERT DE LA LAUZIERE;1330 RUE GUILLIBERT DE LA LAUZIERE;BAT D1;;EUROPARC DE PICHAURY;4.00
45 AVENUE D'ORLEANS;45 AVENUE D'ORLEANS;;;;3.30
SAINT LIN;SAINT LIN;;;;2.20
66 AVENUE CHARLES DE GAULLE;66 AVENUE CHARLES DE GAULLE;;;;3.30
7 PLACE DU CHANCELIER ADENAUER;7 PLACE DU CHANCELIER ADENAUER;;;;3.30
19 AVENUE DE LA LIBERTE;19 AVENUE DE LA LIBERTE;;;;3.30
37 AVENUE PIERRE 1ER DE SERBIE;37 AVENUE PIERRE 1ER DE SERBIE;;;;3.30
50-56 RUE DE LA PROCESSION;50-56 RUE DE LA PROCESSION;;;;3.30
CENTRE D'AFFAIRES LA BOURSIDIERE;CENTRE D'AFFAIRES LA BOURSIDIERE;;;;2.20
IMMEUBLE LUMIERE 40 AVENUE DES TERROIRS DE FRANCE;40 AVENUE DES TERROIRS DE FRANCE;IMMEUBLE LUMIERE;;;3.90
PAPENDORPSEWEG 93;PAPENDORPSEWEG 93;;;;2.20
AVENUE LOUISE 235;235 AVENUE LOUISE;;;;3.30
6 RUE ANDRE CAMPRA;6 RUE ANDRE CAMPRA;;;;3.30
43 AVENUE PIERRE MENDES FRANCE;43 AVENUE PIERRE MENDES FRANCE;;;;3.30
AVENUE LOUISE 235;AVENUE LOUISE 235;;;;2.70
15 RUE TAITBOUT;15 RUE TAITBOUT;;;;3.30
55 BOULEVARD PEREIRE;55 BOULEVARD PEREIRE;;;;3.30
43/45 RUE DU BOIS CHALAND;43/45 RUE DU BOIS CHALAND;;;;3.30
SITE INDUSTRIEL HESSOCOURT;SITE INDUSTRIEL HESSOCOURT;;;;2.20
ZI GUILLAUME MON AMY;ZI GUILLAUME MON AMY;;;;2.20
38 RUE DE BERRI;38 RUE DE BERRI;;;;3.30
40 AVENUE DES TERROIRS DE FRANCE;40 AVENUE DES TERROIRS DE FRANCE;;;;3.30
6 RUE DE LA FLOTTIERE ZONE DE LA LIODIERE;6 RUE DE LA FLOTTIERE;;;ZONE DE LA LIODIERE;3.90
5 ALLEE SCHEFFER;5 ALLEE SCHEFFER;;;;2.80
108 RUE DE LONGCHAMP;108 RUE DE LONGCHAMP;;;;3.30
37-39 AVENUE LEDRU ROLLIN  CS11237 CEDEX 12;37-39 AVENUE LEDRU ROLLIN;;;CS11237 CEDEX 12;3.60
10 RUE DU PAVE  AEROPORT CDG ZONE CARGO 5;10 RUE DU PAVE;CARGO 5;;AEROPORT CDG ZONE;4.50
GAMLESTADSVAGEN 3C;GAMLESTADSVAGEN 3C;;;;2.20
66 AVENUE CHARLES DE GAULLE;66 AVENUE CHARLES DE GAULLE;;;;3.30
KALKAERTSTRAAT 101;101 KALKAERTSTRAAT;;;;2.80
1 AVENUE DU GENERAL DE GAULLE  ZAC DES BARBANNIERS;1 AVENUE DU GENERAL DE GAULLE;;;ZAC DES BARBANNIERS;3.90
66 AVENUE CHARLES DE GAULLE;66 AVENUE CHARLES DE GAULLE;;;;3.30
8-12 RUE DES PIROGUES DE BERCY;8-12 RUE DES PIROGUES DE BERCY;;;;3.30
17 AVENUE DE LA PORTE DES LILAS;17 AVENUE DE LA PORTE DES LILAS;;;;3.30
C/O ACTEVA RESIDENCES SERVICES MME CELINE COURTOY 36 RUE DE L'ANCIENNE MAIRIE;36 RUE DE L'ANCIENNE MAIRIE;;;MME CELINE COURTOY C/O ACTEVA RESIDENCES SERVICES;3.90
CITY OF WHITEHALL;CITY OF WHITEHALL;;;;2.20
KOUTER 3  B 9790 WORTEGEM PETEGEM;KOUTER 3;;;B 9790 WORTEGEM PETEGEM;2.50
8-12 RUE DES PIROGUES DE BERCY;8-12 RUE DES PIROGUES DE BERCY;;;;3.30
213 COURS VICTOR HUGO;213 COURS VICTOR HUGO;;;;3.30
5 PLACE DE LA PYRAMIDE TOUR ARIANE LA DEFENSE;5 PLACE DE LA PYRAMIDE;TOUR ARIANE;;LA DEFENSE;4.00
33 RUE FRANCOIS 1ER;33 RUE FRANCOIS 1ER;;;;3.30
RHEINWALDSTRASSE 10;10 RHEINWALDSTRASSE;;;;2.80
CS50217 17 19 RUE JEAN ZAY;17 19 RUE JEAN ZAY;;;CS50217;3.60
58 FENCHURCH STREET THE AIG BUILDING;58 FENCHURCH STREET;THE AIG BUILDING;;;3.90
10 AVENUE DE L ENTREPRISE;10 AVENUE DE L ENTREPRISE;;;;3.30
80 QUAI VOLTAIRE IMMEUBLE RIVER OUEST;80 QUAI VOLTAIRE;IMMEUBLE RIVER OUEST;;;3.90
C/O SPACES LE BELVÉDÈRE 1-7 COURS VALMY 92800;1-7 COURS VALMY;;;C/O SPACES LE BELVÉDÈRE 92800;4.10
BOIS DE LA DUCHESSE;BOIS DE LA DUCHESSE;;;;2.20
28-32 BOULEVARD DE GRENELLE;28-32 BOULEVARD DE GRENELLE;;;;3.30
9 QUAI DU PRESIDENT PAUL DOUMER;9 QUAI DU PRESIDENT PAUL DOUMER;;;;3.30
19 RUE EUGENE RUPPERT;19 RUE EUGENE RUPPERT;;;;3.30
5-7 RUE DE MONTTESSUY;5-7 RUE DE MONTTESSUY;;;;3.30
445 BOULEVARD GAMBETTA;445 BOULEVARD GAMBETTA;;;;3.30
2 RUE PILLET-WILL;2 RUE PILLET-WILL;;;;3.30
LAGEWEG 33 C/O DECOSPAN HOLDING NV;33 LAGEWEG;;;C/O DECOSPAN HOLDING NV;3.40
8-10 RUE LAMENNAIS  CHEZ SCHRODER REIM;8-10 RUE LAMENNAIS;;;CHEZ SCHRODER REIM;3.90
76 RUE DE PRONY;76 RUE DE PRONY;;;;3.30
5 RUE EUGENE RUPPERT;5 RUE EUGENE RUPPERT;;;;3.30
503 CHEMIN DES FONTAINES;503 CHEMIN DES FONTAINES;;;;2.80
76 RUE DE PRONY;76 RUE DE PRONY;;;;3.30
52 RUE DE LA VICTOIRE;52 RUE DE LA VICTOIRE;;;;3.30
20 RUE DU HADDOCK;20 RUE DU HADDOCK;;;;3.30
43 AVENUE PIERRE MENDES-FRANCE;43 AVENUE PIERRE MENDES-FRANCE;;;;3.30
8 RUE EUGENE ET ARMAND PEUGOT CS40034;8 RUE EUGENE ET ARMAND PEUGOT;;;CS40034;3.60
7 RUE WATT;7 RUE WATT;;;;3.30
4 AVENUE HOCHE;4 AVENUE HOCHE;;;;3.30
RUE DES COLONIES 56;56 RUE DES COLONIES;;;;3.30
UL. CHEMIKOW 1;UL. CHEMIKOW 1;;;;2.20
308-310 ELVEDEN ROAD;308-310 ELVEDEN ROAD;;;;3.30
460 NORTH GULPH ROAD;460 NORTH GULPH ROAD;;;;3.30
2 RUE JEAN COMTE;2 RUE JEAN COMTE;;;;3.30
CTRA DE OLMEDO KM 2,2  MEDINA DEL CAMPO;CTRA DE OLMEDO KM 2,2;;;MEDINA DEL CAMPO;2.30
8-12 RUE DES PIROGUES DE BERCY;8-12 RUE DES PIROGUES DE BERCY;;;;3.30
1 BOULEVARD MALESHERBES;1 BOULEVARD MALESHERBES;;;;3.30
8 AVENUE HOCHE;8 AVENUE HOCHE;;;;3.30
55 BOULEVARD PEREIRE;55 BOULEVARD PEREIRE;;;;3.30
8 RUE FRANCOIS VILLON;8 RUE FRANCOIS VILLON;;;;3.30
30 RUE MADELEINE VIONNET;30 RUE MADELEINE VIONNET;;;;3.30
43-45 ALLEE SCHEFFER;43-45 ALLEE SCHEFFER;;;;2.80
1 RUE FRANCOIS JACOB CS 40034;1 RUE FRANCOIS JACOB;;;CS 40034;4.10
RS PURAM 219 ARUNACHALAM ROAD;219 ARUNACHALAM ROAD;;;RS PURAM;3.40
8 AVENUE HOCHE;8 AVENUE HOCHE;;;;3.30
131 - 151 RUE DU 1ER MAI IMMEUBLE NIELLE;131 - 151 RUE DU 1ER MAI;IMMEUBLE NIELLE;;;3.90
ATTN ACCOUNTING DEPT KEETBERGLAAN 1A HAVENNUMMER 1061;KEETBERGLAAN 1A;;;HAVENNUMMER 1061 ATTN ACCOUNTING DEPT;3.00
66 AVENUE CHARLES DE GAULLE;66 AVENUE CHARLES DE GAULLE;;;;3.30
RUE DE L'EUROPE;RUE DE L'EUROPE;;;;2.70
11 RUE BERANGER;11 RUE BERANGER;;;;3.30
76 RUE DE PRONY;76 RUE DE PRONY;;;;3.30
POSTBUS 435;POSTBUS 435;;;;2.20
3 RUE DE DUBLIN;3 RUE DE DUBLIN;;;;3.30
VIA CALDERA 21;VIA CALDERA 21;;;;2.70
95 RUE LA BOETIE;95 RUE LA BOETIE;;;;3.30
29 RUE JULES UHRY;29 RUE JULES UHRY;;;;3.30
53 AVENUE JEAN JAURES LE MERMOZ BAT B - ETG 2;53 AVENUE JEAN JAURES;LE MERMOZ BAT B;;ETG 2;4.20
USINE DE BEAULIEU;USINE DE BEAULIEU;;;;2.20
ZA LES PORTES DU NORD;ZA LES PORTES DU NORD;;;;2.20
RUE DES TECHNODES;RUE DES TECHNODES;;;;2.70
PARC DE LA DEMI LUNE 1 AVENUE DE LA DEMI LUNE BP 12439;1 AVENUE DE LA DEMI LUNE;;;BP 12439 PARC DE LA DEMI LUNE;4.60
66 AVENUE CHARLES DE GAULLE;66 AVENUE CHARLES DE GAULLE;;;;3.30
76 RUE DE PRONY;76 RUE DE PRONY;;;;3.30
11 RUE SCRIBE;11 RUE SCRIBE;;;;3.30
76 RUE DE PRONY;76 RUE DE PRONY;;;;3.30
2B RUE ALBERT BORSCHETTE;2B RUE ALBERT BORSCHETTE;;;;3.30
UL PULAWSKA 2;UL PULAWSKA 2;;;;2.20
42 RUE PAUL SABATIER CRISSEY;42 RUE PAUL SABATIER;;;CRISSEY;3.40
3 RUE DU BOIS BRIARD  COURCOURONNES;3 RUE DU BOIS BRIARD;;;COURCOURONNES;3.40
15-17 RUE SCRIBE;15-17 RUE SCRIBE;;;;3.30
HANDZAAMSE NIEUWSTRAAT 7;HANDZAAMSE NIEUWSTRAAT 7;;;;2.20
RUNCORN SITE HQ SOUTH PARADE  PO BOX 9;SOUTH PARADE;RUNCORN SITE HQ;;PO BOX 9;3.60
RUE DE L'EUROPE  ZONE INDUSTRIELLE;RUE DE L'EUROPE;;;ZONE INDUSTRIELLE;3.30
12 AVENUE DE L'HORIZON PARC ACTIVITE DE LA HAUTE BORNE;12 AVENUE DE L'HORIZON;;;PARC ACTIVITE DE LA HAUTE BORNE;3.90
19-23 CHEMIN DES PETITS MARAIS;19-23 CHEMIN DES PETITS MARAIS;;;;2.80
44 MAIL DE LANNOY A L'ATTENTION DE ESTELLE SAFFER;44 MAIL DE LANNOY;;;A L'ATTENTION DE ESTELLE SAFFER;3.90
163-165 AVENUE CHARLES DE GAULLE;163-165 AVENUE CHARLES DE GAULLE;;;;3.30
4 QUAI D'ARENC TOUR MIRABEAU BD JACQUES SAADE;4 QUAI D'ARENC;TOUR MIRABEAU;;BD JACQUES SAADE;4.00
C/O SIOEN INDUSTRIES MONSIEUR PETER VAN EECKE FABRIEKSTRAAT 23;FABRIEKSTRAAT 23;;;C/O SIOEN INDUSTRIES MONSIEUR PETER VAN EECKE;2.80
RUNCORN SITE HQ SOUTH PARADE PO BOX 9;SOUTH PARADE;RUNCORN SITE HQ;;PO BOX 9;3.60
8 - 10 RUE LAMENNAIS CHEZ SCHRODER REIM;8 - 10 RUE LAMENNAIS;;;CHEZ SCHRODER REIM;3.90
8-12 RUE DES PIROGUES DE BERCY;8-12 RUE DES PIROGUES DE BERCY;;;;3.30
16 RUE DU GENERAL ALAIN DE  BOISSIEU;16 RUE DU GENERAL ALAIN DE BOISSIEU;;;;3.30
BOIS DE LA DUCHESSE;BOIS DE LA DUCHESSE;;;;2.20
22 RUE DU DOCTEUR LANCEREAUX;22 RUE DU DOCTEUR LANCEREAUX;;;;3.30
ZONE D'ACTIVITES LES ACCRUES 2;ZONE D'ACTIVITES LES ACCRUES 2;;;;2.20
ALBERT I LAAN 29;29 ALBERT I LAAN;;;;3.30
CENTRUM ZUID 1105;CENTRUM ZUID 1105;;;;2.20
HANDZAAMSE NIEUWSTRAAT 7 B 8610 HANDZAME;HANDZAAMSE NIEUWSTRAAT 7;;;B 8610 HANDZAME;2.50
66 AVENUE CHARLES DE GAULLE;66 AVENUE CHARLES DE GAULLE;;;;3.30
10 RUE DU PAVE CARGO 5 CS 18353  TREMBLAY EN FRANCE;10 RUE DU PAVE;CARGO 5;;TREMBLAY EN FRANCE CS 18353;4.70
8 AVENUE HOCHE;8 AVENUE HOCHE;;;;3.30
57-77 AVENUE DE FONTAINEBLEAU IMMEUBLE OKABE;57-77 AVENUE DE FONTAINEBLEAU;IMMEUBLE OKABE;;;3.90
39 AVENUE GEORGE V;39 AVENUE GEORGE V;;;;3.30
4 AVENUE HOCHE;4 AVENUE HOCHE;;;;3.30
56 RUE LAFFITTE;56 RUE LAFFITTE;;;;3.30
A AVENUE SPINOZA MALNOUE;A AVENUE SPINOZA;;;MALNOUE;2.80
37 RUE DE LA VICTOIRE;37 RUE DE LA VICTOIRE;;;;3.30
RUE DE LA GARE 3087;RUE DE LA GARE 3087;;;;2.70
13 BD DU FORT DE VAUX;13 BD DU FORT DE VAUX;;;;2.80
501 SOUTH 5TH STREET RICHEMOND;501 SOUTH 5TH STREET;;;RICHEMOND;3.40
CALLE PINTOR SOROLLA 2;CALLE PINTOR SOROLLA 2;;;;2.70
52 RUE DE LA PAPETERIE;52 RUE DE LA PAPETERIE;;;;3.30
32 RUE DE LA BIENFAISANCE;32 RUE DE LA BIENFAISANCE;;;;3.30
1 RUE EULER;1 RUE EULER;;;;3.30
3 RUE DU BOIS BRIARD;3 RUE DU BOIS BRIARD;;;;3.30
53 BOULEVARD ORNANO PLEYAD  CS 60042;53 BOULEVARD ORNANO;PLEYAD;;CS 60042;4.20
5 AVENUE DES CHAUMES;5 AVENUE DES CHAUMES;;;;3.30
ZONE INDUSTRIELLE;ZONE INDUSTRIELLE;;;;2.20
2-3-6, AKASAKA, MINATO-KU KOMATSU BUILDING;2-3-6, AKASAKA;MINATO-KU KOMATSU BUILDING;;;3.40
C/O VERDUYN NV GALGESTRAAT 9;GALGESTRAAT 9;;;C/O VERDUYN NV;2.80
3 RUE DU BOIS BRIARD  COURCOURONNES;3 RUE DU BOIS BRIARD;;;COURCOURONNES;3.40
TREASURY POBOX 3979;TREASURY;;;POBOX 3979;2.50
21 CHEMIN DE LA SAUVEGARDE;21 CHEMIN DE LA SAUVEGARDE;;;;2.80
2881 ROUTE DES CRETES LES BOUILLIDES-SOPHIA ANTIPOLIS;2881 ROUTE DES CRETES;;;LES BOUILLIDES-SOPHIA ANTIPOLIS;3.40
10 RUE TIMKEN;10 RUE TIMKEN;;;;3.30
11 ROUTE DE PITHIVIERS;11 ROUTE DE PITHIVIERS;;;;3.30
6 PLACE DE LA PYRAMIDE LA DEFENSE 9 TOUR MAJUNGA;6 PLACE DE LA PYRAMIDE;TOUR MAJUNGA;;LA DEFENSE 9;4.20
TÖÖLÖNLAHDENKATU 2;TÖÖLÖNLAHDENKATU 2;;;;2.20
LIEUDIT BEAUVALLON;LIEUDIT BEAUVALLON;;;;2.20
76 RUE DE PRONY;76 RUE DE PRONY;;;;3.30
PAPENDORPSEWEG 100;PAPENDORPSEWEG 100;;;;2.20
AVENUE INDUSTRIELLE;AVENUE INDUSTRIELLE;;;;2.70
111 RUE DU CHATEAU DES RENTIERS;111 RUE DU CHATEAU DES RENTIERS;;;;3.30
43-45 RUE DU BOIS CHALAND;43-45 RUE DU BOIS CHALAND;;;;3.30
23 RUE FRANCOIS 1ER;23 RUE FRANCOIS 1ER;;;;3.30
1 AVENUE DU GENERAL DE GAULLE  ZAC DES BARBANNIERS - LE SIGNAC;1 AVENUE DU GENERAL DE GAULLE;;;ZAC DES BARBANNIERS - LE SIGNAC;3.90
131 - 151 RUE DU 1ER MAI;131 - 151 RUE DU 1ER MAI;;;;3.30
2-22 PLACE DES VINS DE FRANCE BATIMENT B;2-22 PLACE DES VINS DE FRANCE;BATIMENT B;;;3.90
RUE JULES COCKX 6;RUE JULES COCKX 6;;;;2.70
23 RUE FRANCOIS 1ER;23 RUE FRANCOIS 1ER;;;;3.30
7 RUE DES MALINES  ZONE INDUSTRIELLE DES MALINES;7 RUE DES MALINES;;;ZONE INDUSTRIELLE DES MALINES;3.90
A L'ATTENTION DE MARIJKE ROELOFS BERENKOOG 67;67 BERENKOOG;;;A L'ATTENTION DE MARIJKE ROELOFS;3.90
134 RUE DU FAUBOURG SAINT HONORE;134 RUE DU FAUBOURG SAINT HONORE;;;;3.30
PAPENDORPSEWEG 93;PAPENDORPSEWEG 93;;;;2.20
SCI CORBAS;SCI CORBAS;;;;2.20
DE NOVO HOUSE NEWCOMEN WAY;NEWCOMEN WAY;DE NOVO HOUSE;;;3.30
76 RUE DE PRONY;76 RUE DE PRONY;;;;3.30
20 PLACE VENDOME;20 PLACE VENDOME;;;;3.30
EUROPALAAN 17  B 3900 OVERPELT;EUROPALAAN 17;;;B 3900 OVERPELT;2.50
THEODOR HEUSS ALLEE 100;100 THEODOR HEUSS ALLEE;;;;2.80
ZONE INDUSTRIELLE LES BOUILLIDES 2881 ROUTE DES CRETES;2881 ROUTE DES CRETES;;;ZONE INDUSTRIELLE LES BOUILLIDES;3.90
COEUR DEFENSE TOUR B 100 ESPL DU GENERAL DE GAULLE;100 ESPL DU GENERAL DE GAULLE;TOUR B;;COEUR DEFENSE;3.50
BELLESTRAAT 52A  B 8950 NIEUWKERKE;BELLESTRAAT 52A;;;B 8950 NIEUWKERKE;2.50
201-203 RUE DE BERCY;201-203 RUE DE BERCY;;;;3.30
ROUTE DU BEC  LIEU-DIT LA GARE;ROUTE DU BEC;;;LIEU-DIT LA GARE;3.30
DR NOLENSLAAN 121;121 DR NOLENSLAAN;;;;2.80
83 AVENUE DE LA GRANDE ARMEE;83 AVENUE DE LA GRANDE ARMEE;;;;3.30
43 AVENUE PIERRE MENDES FRANCE;43 AVENUE PIERRE MENDES FRANCE;;;;3.30
1 AVENUE SPINOZA;1 AVENUE SPINOZA;;;;3.30
30 AVENUE KLEBER;30 AVENUE KLEBER;;;;3.30
7 PLACE DU CHANCELIER ADENAUER;7 PLACE DU CHANCELIER ADENAUER;;;;3.30
8-12 RUE DES PIROGUES DE BERCY;8-12 RUE DES PIROGUES DE BERCY;;;;3.30
131 - 151 RUE DU 1ER MAI IMMEUBLE NIELLE;131 - 151 RUE DU 1ER MAI;IMMEUBLE NIELLE;;;3.90
3 RUE DU COLONEL MOLL;3 RUE DU COLONEL MOLL;;;;3.30
1 AVENUE SPINOZA ZAC DE MALNOUE;1 AVENUE SPINOZA;;;ZAC DE MALNOUE;3.90
66 AVENUE CHARLES DE GAULLE;66 AVENUE CHARLES DE GAULLE;;;;3.30
15 RUE DE BRUXELLES;15 RUE DE BRUXELLES;;;;3.30
70 AVENUE CHARLES DE GAULLE PEO 8185A;70 AVENUE CHARLES DE GAULLE;;;PEO 8185A;3.60
SEPTESTRAAT 27;27 SEPTESTRAAT;;;;2.80
ALLEE SCHEFFER 5;5 ALLEE SCHEFFER;;;;2.80
RUE MARIE CURIE  BIOPOLE CLERMONT LIMAGNE;RUE MARIE CURIE;;;BIOPOLE CLERMONT LIMAGNE;2.80
ARABELLASTRASSE 30;30 ARABELLASTRASSE;;;;2.80
BEVERSESTEENWEG 576;BEVERSESTEENWEG 576;;;;2.20
20 AVENUE DE LA PAIX;20 AVENUE DE LA PAIX;;;;3.30
TT MELISSAWEG 10;10 TT MELISSAWEG;;;;2.80
7 BOULEVARD DE LA MADELEINE / M D. LOUVET;7 BOULEVARD DE LA MADELEINE;;;M D. LOUVET;3.40
7 PLACE DU CHANCELIER ADENAUER;7 PLACE DU CHANCELIER ADENAUER;;;;3.30
12 PLACE DAUPHINE;12 PLACE DAUPHINE;;;;3.30
76 RUE DE PRONY;76 RUE DE PRONY;;;;3.30
76 RUE DE PRONY;76 RUE DE PRONY;;;;3.30
1209 ORANGE STREET  WILMINGTON / NEW CASTLE 19801;1209 ORANGE STREET;;;WILMINGTON / NEW CASTLE 19801;3.60
GODEFRIDUSKAAI 36  B 2000 ANTWERPEN;GODEFRIDUSKAAI 36;;;B 2000 ANTWERPEN;2.50
PAE LES GLAISINS;PAE LES GLAISINS;;;;2.20
66 AVENUE CHARLES DE GAULLE;66 AVENUE CHARLES DE GAULLE;;;;3.30
3000 PARKWAY THE ZURICH CENTRE;3000 PARKWAY;THE ZURICH CENTRE;;;3.40
7 PLACE DU CHANCELIER ADENAUER;7 PLACE DU CHANCELIER ADENAUER;;;;3.30
16 RUE DE LA VILLE L EVEQUE;16 RUE DE LA VILLE L EVEQUE;;;;3.30
EDVARD GRIEGS VEI 1;EDVARD GRIEGS VEI 1;;;;2.20
38 RUE DE BERRI;38 RUE DE BERRI;;;;3.30
8 ALLEE DU PONT ROUILLARD;8 ALLEE DU PONT ROUILLARD;;;;2.80
17 BOULEVARD HAUSSMANN;17 BOULEVARD HAUSSMANN;;;;3.30
10 AVENUE DE LA RIJOLE  CS 30098;10 AVENUE DE LA RIJOLE;;;CS 30098;4.10
3 BOULEVARD DE SEBASTOPOL;3 BOULEVARD DE SEBASTOPOL;;;;3.30
2 RUE HENRI BREUIL;2 RUE HENRI BREUIL;;;;3.30
31 GRESHAM STREET;31 GRESHAM STREET;;;;3.30
83 AVENUE DE LA GRANDE ARMEE;83 AVENUE DE LA GRANDE ARMEE;;;;3.30
ZONE INDUSTRIELLE  RUE FRANCOIS JACOB;RUE FRANCOIS JACOB;;;ZONE INDUSTRIELLE;3.30
19 AVENUE DE L'OPERA;19 AVENUE DE L'OPERA;;;;3.30
27 RUE MAURICE FLANDIN;27 RUE MAURICE FLANDIN;;;;3.30
24/32 RUE JEAN GOUJON;24/32 RUE JEAN GOUJON;;;;3.30
163-165 AVENUE CHARLES DE GAULLE;163-165 AVENUE CHARLES DE GAULLE;;;;3.30
A L'ATT. DE TIMOTHEE VISBECQ 6 AVENUE FRANKLIN D. ROOSEVELT;6 AVENUE FRANKLIN D. ROOSEVELT;;;A L'ATT. DE TIMOTHEE VISBECQ;3.40
15 RUE BEAUJON;15 RUE BEAUJON;;;;3.30
HAAKSBERGWEG 88;HAAKSBERGWEG 88;;;;2.20
ALLEE FRANCOIS BLANC  CASINO DE MONTE-CARLO - RDC;ALLEE FRANCOIS BLANC;CASINO DE MONTE-CARLO;;RDC;2.40
66 AVENUE CHARLES DE GAULLE;66 AVENUE CHARLES DE GAULLE;;;;3.30
1 RUE EULER;1 RUE EULER;;;;3.30
43 AVENUE PIERRE MENDES FRANCE;43 AVENUE PIERRE MENDES FRANCE;;;;3.30
RUE ALBERT DUPLAT;RUE ALBERT DUPLAT;;;;2.70
181 BOULEVARD DE LA RÉPUBLIQUE;181 BOULEVARD DE LA RÉPUBLIQUE;;;;3.30
7 BOULEVARD DE LA MADELEINE / M D. LOUVET;7 BOULEVARD DE LA MADELEINE;;;M D. LOUVET;3.40
METROPOOLSTRAAT 25;25 METROPOOLSTRAAT;;;;2.80
ENERGIEWEG 22;ENERGIEWEG 22;;;;2.20
VILLAGE ENTREPRISES ST HENRI;VILLAGE ENTREPRISES ST HENRI;;;;2.70
SMITSWEG 24;24 SMITSWEG;;;;2.80
2 CHEMIN DES MARAIS BATIMENT 3, ZONE INDUSTRIELLE DU GRAND MARAIS;2 CHEMIN DES MARAIS;BATIMENT 3;;ZONE INDUSTRIELLE DU GRAND MARAIS;4.50
43 AVENUE PIERRE MENDES-FRANCE;43 AVENUE PIERRE MENDES-FRANCE;;;;3.30
SEPTESTRAAT 27;27 SEPTESTRAAT;;;;2.80
2B, RUE ALBERT BORSCHETTE;2B, RUE ALBERT BORSCHETTE;;;;3.30
2 RUE DE LA RENAISSANCE;2 RUE DE LA RENAISSANCE;;;;3.30
95 RUE LA BOETIE;95 RUE LA BOETIE;;;;3.30
100 BOULEVARD DU MONTPARNASSE;100 BOULEVARD DU MONTPARNASSE;;;;3.30
SZKLANYCH DOMOW 2;2 SZKLANYCH DOMOW;;;;2.80
3087 RUE DE LA GARE;3087 RUE DE LA GARE;;;;3.30
76 RUE DE PRONY;76 RUE DE PRONY;;;;3.30
1 BIS PLACE DE LA DEFENSE;1 BIS PLACE DE LA DEFENSE;;;;3.30
20 AVENUE DE LA PAIX;20 AVENUE DE LA PAIX;;;;3.30
100 CENTURY AVENUE SHANGHAI WORLD FINANCIAL CENTER;100 CENTURY AVENUE;SHANGHAI WORLD FINANCIAL CENTER;;;3.90
13 RUE PAUL DUBIED;13 RUE PAUL DUBIED;;;;3.30
41 BOULEVARD VAUBAN ARAGO;41 BOULEVARD VAUBAN;;;ARAGO;3.40
22 RUE DU DOCTEUR LANCEREAUX;22 RUE DU DOCTEUR LANCEREAUX;;;;3.30
1 CANADA SQARE;1 CANADA SQARE;;;;2.80
76 RUE DE PRONY;76 RUE DE PRONY;;;;3.30
29 RUE DE BASSANO;29 RUE DE BASSANO;;;;3.30
57-77 AVENUE DE FONTAINEBLEAU IMMEUBLE OKABE;57-77 AVENUE DE FONTAINEBLEAU;IMMEUBLE OKABE;;;3.90
9 RUE DU COLONEL PIERRE AVIA;9 RUE DU COLONEL PIERRE AVIA;;;;3.30
1 BIS ROUTE DE L'HIPPODROME;1 BIS ROUTE DE L'HIPPODROME;;;;3.30
10 AVENUE DE LA RIJOLE ZI DE PIC;10 AVENUE DE LA RIJOLE;;;ZI DE PIC;3.90
36 RUE DU LOUVRE;36 RUE DU LOUVRE;;;;3.30
55 BOULEVARD PEREIRE;55 BOULEVARD PEREIRE;;;;3.30
58-60 AVENUE DE LA GRANDE ARMEE;58-60 AVENUE DE LA GRANDE ARMEE;;;;3.30
RUE DES AWIRS, 10  B 4400 FLEMALLE;RUE DES AWIRS, 10;;;B 4400 FLEMALLE;3.00
8 AVENUE HOCHE;8 AVENUE HOCHE;;;;3.30
TURNERWEG 8;8 TURNERWEG;;;;2.80
ZONE INDUSTRIELLE A;ZONE INDUSTRIELLE A;;;;2.20
8-10 RUE LAMENNAIS  CHEZ SCHRODER REIM;8-10 RUE LAMENNAIS;;;CHEZ SCHRODER REIM;3.90
3 BOULEVARD DE SEBASTOPOL;3 BOULEVARD DE SEBASTOPOL;;;;3.30
76 RUE DE PRONY;76 RUE DE PRONY;;;;3.30
19-23 CHEMIN DES PETITS MARAIS;19-23 CHEMIN DES PETITS MARAIS;;;;2.80
PLANTIN EN MORETUSLEI 1A;PLANTIN EN MORETUSLEI 1A;;;;2.20
AVENUE JEAN JAURES;AVENUE JEAN JAURES;;;;2.70
LES CRUCHADES ZAC DE L'AIZE;LES CRUCHADES;;;ZAC DE L'AIZE;2.80
102 AVENUE DES CHAMPS ELYSEES;102 AVENUE DES CHAMPS ELYSEES;;;;3.30
8 AVENUE HOCHE;8 AVENUE HOCHE;;;;3.30
265 BOULEVARD JULES DURAND;265 BOULEVARD JULES DURAND;;;;3.30
AVENUE DES ARTS 56;AVENUE DES ARTS 56;;;;2.70
CENTRUM ZUID 1105;1105 CENTRUM ZUID;;;;2.80
375 RUE JULIETTE RECAMIER;375 RUE JULIETTE RECAMIER;;;;3.30
TREMBLAY EN FRANCE 6 RUE DU PAVE CARGO 6;6 RUE DU PAVE;CARGO 6;;TREMBLAY EN FRANCE;4.00
QUARTIER DES PIERRELLES;QUARTIER DES PIERRELLES;;;;2.20
7 BOULEVARD DE LA MADELEINE;7 BOULEVARD DE LA MADELEINE;;;;3.30
8-12 RUE DES PYROGUES DE BERCY;8-12 RUE DES PYROGUES DE BERCY;;;;3.30
ATTN JEAN-CLAUDE MURGUES AVENUE JEAN JAURES;AVENUE JEAN JAURES;;;ATTN JEAN-CLAUDE MURGUES;3.30
8-12 RUE DES PIROGUES DE BERCY;8-12 RUE DES PIROGUES DE BERCY;;;;3.30
RUE GALILEE PARC DE L'ETOILE;RUE GALILEE;;;PARC DE L'ETOILE;3.30
43/45 RUE DU BOIS CHALAND;43/45 RUE DU BOIS CHALAND;;;;3.30
AVENUE MARCEL THIRY 200 BLOC D B 1200 BRUXELLES;AVENUE MARCEL THIRY 200;;BLOC D;B 1200 BRUXELLES;3.60
40 AVENUE DES TERROIRS PAIEMENTS ETRANGER;40 AVENUE DES TERROIRS;;;PAIEMENTS ETRANGER;3.40
76 RUE DE PRONY;76 RUE DE PRONY;;;;3.30
RUE JOSEPH CALOZET 11  B 6870 AWENNE;RUE JOSEPH CALOZET 11;;;B 6870 AWENNE;3.00
2B, RUE ALBERT BORSCHETTE;2B, RUE ALBERT BORSCHETTE;;;;3.30
WILMINGTON;WILMINGTON;;;;2.20
ROUTE DE PITHIVIERS;ROUTE DE PITHIVIERS;;;;2.70
C/O SIOEN INDUSTRIES MONSIEUR PETER VAN EECKE FABRIEKSTRAAT 23;FABRIEKSTRAAT 23;;;C/O SIOEN INDUSTRIES MONSIEUR PETER VAN EECKE;2.80
76 RUE DE PRONY;76 RUE DE PRONY;;;;3.30
100-104 BOULEVARD DU  MONTPARNASSE;100-104 BOULEVARD DU MONTPARNASSE;;;;3.30
DO NOVO HOUSE NEWCOMEN WAY  COLCHESTER;NEWCOMEN WAY;DO NOVO HOUSE;;COLCHESTER;3.40
8 RUE FRANCOIS VILLON;8 RUE FRANCOIS VILLON;;;;3.30
38 RUE DE BERRI;38 RUE DE BERRI;;;;3.30
8-12 RUE DES PIROGUES DE BERCY;8-12 RUE DES PIROGUES DE BERCY;;;;3.30
20-22 RUE JEAN JAURES  CS 40060;20-22 RUE JEAN JAURES;;;CS 40060;4.10
KARSPELDREEF 8;KARSPELDREEF 8;;;;2.20
LIEU DIT LA GARE ROUTE DU BEC;ROUTE DU BEC;;;LIEU DIT LA GARE;3.30
18-20 PLACE DE LA MADELEINE;18-20 PLACE DE LA MADELEINE;;;;3.30
2 BIS RUE LOUIS ARMAND;2 BIS RUE LOUIS ARMAND;;;;3.30
75 RUE DE TOCQUEVILLE;75 RUE DE TOCQUEVILLE;;;;3.30
21 CHEMIN DE LA SAUVEGARDE;21 CHEMIN DE LA SAUVEGARDE;;;;2.80
45 AVENUE VICTOR HUGO BAT 270;45 AVENUE VICTOR HUGO;BAT 270;;;3.90
33 ALLEE DES MOUSQUETAIRES PARC DE TREVILLE;33 ALLEE DES MOUSQUETAIRES;;;PARC DE TREVILLE;3.40
INDUSTRIESTRAAT 10;10 INDUSTRIESTRAAT;;;;2.80
43-45, ALLÉE SCHEFFER;43-45, ALLÉE SCHEFFER;;;;3.30
4 ALLEE DE L'ARCHE;4 ALLEE DE L'ARCHE;;;;2.80
7 BOULEVARD DE LA MADELEINE A L'ATT DE T DOMINGUEZ/D. LOUVET;7 BOULEVARD DE LA MADELEINE;;;A L'ATT DE T DOMINGUEZ/D. LOUVET;3.40
213 COURS VICTOR HUGO;213 COURS VICTOR HUGO;;;;3.30
8 RUE EUGENE ET ARMAND PEUGEOT;8 RUE EUGENE ET ARMAND PEUGEOT;;;;3.30
33 RUE VOLTAIRE;33 RUE VOLTAIRE;;;;3.30
C/O FILTRAUTO 7 AVENUE DU 8 MAI 1945;7 AVENUE DU 8 MAI 1945;;;C/O FILTRAUTO;3.90
76 RUE DE PRONY;76 RUE DE PRONY;;;;3.30
76 RUE DE PRONY;76 RUE DE PRONY;;;;3.30
45 RUE MARYSE BASTIE;45 RUE MARYSE BASTIE;;;;3.30
15 BOULEVARD DU DELTA ZONE EURO DELTA BAT DE1;15 BOULEVARD DU DELTA;BAT DE1;;ZONE EURO DELTA;4.50
11 RUE BERANGER;11 RUE BERANGER;;;;3.30
6-24 AKASHI-CHO CHUO-KU;6-24 AKASHI-CHO;;;CHUO-KU;2.90
10 BIS RUE D'AVELIN;10 BIS RUE D'AVELIN;;;;3.30
KAISERSTRASSE 16;16 KAISERSTRASSE;;;;2.80
66 AVENUE CHARLES DE GAULLE;66 AVENUE CHARLES DE GAULLE;;;;3.30
RUE JEAN CASSE ZI LES BAS PRES;RUE JEAN CASSE;;;ZI LES BAS PRES;3.30
12 RUE DU BOIS CHALAND  ZAC DU BOIS CHALAND;12 RUE DU BOIS CHALAND;;;ZAC DU BOIS CHALAND;4.40
BOULEVARD AUGUSTE REYERS 70 SILVER BUILDING;70 BOULEVARD AUGUSTE REYERS;SILVER BUILDING;;;3.90
76 RUE DE PRONY;76 RUE DE PRONY;;;;3.30
26 RUE GUYNEMER;26 RUE GUYNEMER;;;;3.30
ZAC DE LA GOULGATIERE;ZAC DE LA GOULGATIERE;;;;2.20
26 BOULEVARD DES CAPUCINES;26 BOULEVARD DES CAPUCINES;;;;3.30
RUE TERRE A BRIQUES 18  B 7522 MARQUAIN;RUE TERRE A BRIQUES 18;;;B 7522 MARQUAIN;3.00
ALLEE DU CLOS JACQUET;ALLEE DU CLOS JACQUET;;;;2.20
AM STADTPARK 3;3 AM STADTPARK;;;;2.80
ALTE STEINHAUSERSTRASSE 14;ALTE STEINHAUSERSTRASSE 14;;;;2.20
DAVIDSTRASSE 1;DAVIDSTRASSE 1;;;;2.20
18-20 PLACE DE LA MADELEINE;18-20 PLACE DE LA MADELEINE;;;;3.30
SCHERENENKWEG 16  NL 8051 KH HATTEM;SCHERENENKWEG 16;;;NL 8051 KH HATTEM;2.50
POSTBUS 37771;POSTBUS 37771;;;;2.20
CHEMIN DES SOLDATS;CHEMIN DES SOLDATS;;;;2.20
26-28 RUE DE LONDRES;26-28 RUE DE LONDRES;;;;3.30
7 BOULEVARD DE LA MADELEINE;7 BOULEVARD DE LA MADELEINE;;;;3.30
RUE DES VETERINAIRES 42F;RUE DES VETERINAIRES 42F;;;;2.70
AVENUE DE L'ARTISANAT 17;AVENUE DE L'ARTISANAT 17;;;;2.70
50 COURS DE L'ILE SEGUIN;50 COURS DE L'ILE SEGUIN;;;;3.30
CHAUSSEE DE NIVELLES 83;CHAUSSEE DE NIVELLES 83;;;;2.20
3087 RUE DE LA GARE;3087 RUE DE LA GARE;;;;3.30
STATIONSPLEIN 97  DUVENBORCH;97 STATIONSPLEIN;;;DUVENBORCH;2.90
23 RUE FRANCOIS 1ER;23 RUE FRANCOIS 1ER;;;;3.30
78 BIS RUE VELPEAU;78 BIS RUE VELPEAU;;;;3.30
30 HUB DR STE1;30 HUB DR;STE1;;;2.90
45 AVENUE MONTAIGNE;45 AVENUE MONTAIGNE;;;;3.30
RUE TERRE A BRIQUES 18  B 7522 MARQUAIN;RUE TERRE A BRIQUES 18;;;B 7522 MARQUAIN;3.00
POSTBUS 159;POSTBUS 159;;;;2.20
4-14 RUE FERRUS;4-14 RUE FERRUS;;;;3.30
C/O STADSBADER KANAALSTRAAT 1;KANAALSTRAAT 1;;;C/O STADSBADER;2.80
37 AVENUE PIERRE 1ER DE SERBIE;37 AVENUE PIERRE 1ER DE SERBIE;;;;3.30
ZONING INDUSTRIEL DE FELUY  ZONE C;ZONING INDUSTRIEL DE FELUY;;;ZONE C;2.80
LIEU-DIT LA GARE ROUTE DU BEC;ROUTE DU BEC;;;LIEU-DIT LA GARE;3.30
3 RUE DU BOIS BRIARD;3 RUE DU BOIS BRIARD;;;;3.30
1 AVENUE PIERRE RICHIER;1 AVENUE PIERRE RICHIER;;;;3.30
66 AVENUE CHARLES DE GAULLE;66 AVENUE CHARLES DE GAULLE;;;;3.30
50 RUE CAMILLE DESMOULINS;50 RUE CAMILLE DESMOULINS;;;;3.30
ROTERIJSTRAAT 201 203  B 8793 WAREGEM/ST ELOOIS VIJVE;ROTERIJSTRAAT 201 203;;;B 8793 WAREGEM/ST ELOOIS VIJVE;2.50
101-109 RUE JEAN JAURES;101-109 RUE JEAN JAURES;;;;3.30
29 RUE DE L USINE;29 RUE DE L USINE;;;;3.30
8-12 RUE DES PIROGUES DE BERCY;8-12 RUE DES PIROGUES DE BERCY;;;;3.30
147 RUE DE PARIS;147 RUE DE PARIS;;;;3.30
4 PLACE DE LA PYRAMIDE ALTIPLANO;4 PLACE DE LA PYRAMIDE;;;ALTIPLANO;3.40
BOULEVARD INDUSTRIEL 96  B 7700 MOUSCRON;96 BOULEVARD INDUSTRIEL;;;B 7700 MOUSCRON;3.60
2A PLACE DE PARIS  BP 2583;2A PLACE DE PARIS;;;BP 2583;4.10
6 PLACE DE LA MADELEINE C/O MEDIALEX;6 PLACE DE LA MADELEINE;;;C/O MEDIALEX;3.90
3 RUE DU PRE FAUCON  PAE LES GLAISINS;3 RUE DU PRE FAUCON;;;PAE LES GLAISINS;3.40
76 RUE DE PRONY;76 RUE DE PRONY;;;;3.30
7 BOULEVARD DE LA MADELEINE / M D. LOUVET;7 BOULEVARD DE LA MADELEINE;;;M D. LOUVET;3.40
ZI DU BEC;ZI DU BEC;;;;2.20
7 BOULEVARD DE LA MADELEINE / M D. LOUVET;7 BOULEVARD DE LA MADELEINE;;;M D. LOUVET;3.40
BEVRIJDINGSLAAN 13 15  B 8700 TIELT;BEVRIJDINGSLAAN 13 15;;;B 8700 TIELT;2.50
111 SIMCOE STREET NORTH  OSHAWA;111 SIMCOE STREET NORTH;;;OSHAWA;3.40
64 64 BIS RUE DE LA BOETIE  BAT A;64 64 BIS RUE DE LA BOETIE;BAT A;;;3.90
270 AVENUE DE BERLIN;270 AVENUE DE BERLIN;;;;3.30
C/O ALLEVARD REJNA AUTOSUSPENSIO SERVICE COMPTABILITE BP 629;BP 629;;;C/O ALLEVARD REJNA AUTOSUSPENSIO SERVICE COMPTABILITE;2.70
13 TER BOULEVARD BERTHIER;13 TER BOULEVARD BERTHIER;;;;3.30
18-20 PLACE DE LA MADELEINE;18-20 PLACE DE LA MADELEINE;;;;3.30
NIJVERHEIDSWEG 11;11 NIJVERHEIDSWEG;;;;2.80
4 AVENUE HOCHE;4 AVENUE HOCHE;;;;3.30
7-4 RUE DU FOSSE BLANC;7-4 RUE DU FOSSE BLANC;;;;3.30
3 RUE DU COLONEL MOLL;3 RUE DU COLONEL MOLL;;;;3.30
231 RUE SAINT-HONORE;231 RUE SAINT-HONORE;;;;3.30
39 RUE DE LA GARE DE REUILLY;39 RUE DE LA GARE DE REUILLY;;;;3.30
93 AVENUE DE PARIS;93 AVENUE DE PARIS;;;;3.30
812 BLOOMFIELD AVENUE;812 BLOOMFIELD AVENUE;;;;3.30
250 ROUTE DE L'EMPEREUR;250 ROUTE DE L'EMPEREUR;;;;3.30
DE ENTREE 67;DE ENTREE 67;;;;2.20
ENERGIEWEG 22;ENERGIEWEG 22;;;;2.20
37 AVENUE PIERRE 1ER DE SERBIE;37 AVENUE PIERRE 1ER DE SERBIE;;;;3.30
3 RUE DU BOIS BRIARD;3 RUE DU BOIS BRIARD;;;;3.30
POSTBUS 15500;POSTBUS 15500;;;;2.20
7 AVENUE DU ROCK N ROLL;7 AVENUE DU ROCK N ROLL;;;;3.30
37 AVENUE PIERRE 1ER DE SERBIE;37 AVENUE PIERRE 1ER DE SERBIE;;;;3.30
15 AVENUE GOURGAUD;15 AVENUE GOURGAUD;;;;3.30
27 AVENUE FRANKLIN ROOSEVELT;27 AVENUE FRANKLIN ROOSEVELT;;;;3.30
157 AVENUE CHARLES DE GAULLE;157 AVENUE CHARLES DE GAULLE;;;;3.30
30 AVENUE KLEBER;30 AVENUE KLEBER;;;;3.30
BAMBERGER STRASSE 25;25 BAMBERGER STRASSE;;;;2.80
11 RUE BERANGER;11 RUE BERANGER;;;;3.30
RUE PIERRE ET MARIE CURIE;RUE PIERRE ET MARIE CURIE;;;;2.70
1 RUE EULER;1 RUE EULER;;;;3.30
INDUSTRIEWEG 124  B 9032 WONDELGEM;INDUSTRIEWEG 124;;;B 9032 WONDELGEM;2.50
23 RUE FRANCOIS 1ER;23 RUE FRANCOIS 1ER;;;;3.30
18-20 PLACE DE LA MADELEINE;18-20 PLACE DE LA MADELEINE;;;;3.30
PLATEAU IMMEUBLE SCIAM 18EME ETAGE;PLATEAU;IMMEUBLE SCIAM;18EME ETAGE;;3.80
AVENUE BOURDELLE CS 90180;AVENUE BOURDELLE;;;CS 90180;3.50
75 QUAI D'ORSAY;75 QUAI D'ORSAY;;;;3.30
7 BOULEVARD DE LA MADELEINE / M D. LOUVET;7 BOULEVARD DE LA MADELEINE;;;M D. LOUVET;3.40
18-20 PLACE DE LA MADELEINE;18-20 PLACE DE LA MADELEINE;;;;3.30
5 ALLEE SCHEFFER;5 ALLEE SCHEFFER;;;;2.80
39 RUE DE LA GARE DE REUILLY;39 RUE DE LA GARE DE REUILLY;;;;3.30
3 BOULEVARD DE SEBASTOPOL;3 BOULEVARD DE SEBASTOPOL;;;;3.30
66 AVENUE CHARLES DE GAULLE;66 AVENUE CHARLES DE GAULLE;;;;3.30
ZAC KRUYSTRAETE;ZAC KRUYSTRAETE;;;;2.20
3 RUE LAC DU MONT CENIS;3 RUE LAC DU MONT CENIS;;;;3.30
1 RUE EULER;1 RUE EULER;;;;3.30
76 RUE DE PRONY;76 RUE DE PRONY;;;;3.30
8 AVENUE HOCHE;8 AVENUE HOCHE;;;;3.30
VILLAGE ENTREPRISES ST HENRI;VILLAGE ENTREPRISES ST HENRI;;;;2.70
BOIS DE LA DUCHESSE;BOIS DE LA DUCHESSE;;;;2.20
HEIRWEG 26  B 8950 NIEUWKERKE;HEIRWEG 26;;;B 8950 NIEUWKERKE;2.50
1 RUE EULER;1 RUE EULER;;;;3.30
375 RUE JULIETTE RECAMIER;375 RUE JULIETTE RECAMIER;;;;3.30
26 BOULEVARD DES CAPUCINES CS20062;26 BOULEVARD DES CAPUCINES;;;CS20062;3.60
RUE DE L'EUROPE;RUE DE L'EUROPE;;;;2.70
55 RUE D'AGUESSEAU;55 RUE D'AGUESSEAU;;;;3.30
10 RUE AUBER;10 RUE AUBER;;;;3.30
SEPTESTRAAT 27;27 SEPTESTRAAT;;;;2.80
7 BOULEVARD DE LA MADELEINE M D. LOUVET;7 BOULEVARD DE LA MADELEINE;;;M D. LOUVET;3.40
22 RUE DU DOCTEUR LANCEREAUX;22 RUE DU DOCTEUR LANCEREAUX;;;;3.30
102 TERRASSE BOIELDIEU TOUR W;102 TERRASSE BOIELDIEU;TOUR W;;;3.40
POSTBUS 3030;POSTBUS 3030;;;;2.20
3 BOULEVARD DE SEBASTOPOLE;3 BOULEVARD DE SEBASTOPOLE;;;;3.30
ONE NEENAH CENTER PO BOX 669;PO BOX 669;ONE NEENAH CENTER;;;2.80
3000 HANVOER STREET;3000 HANVOER STREET;;;;3.30
1ERE AVENUE 2709M LID DE CARROS  LE BROC;1ERE AVENUE 2709M;;;LID DE CARROS LE BROC;3.40
14 BOULEVARD DE LA MADELEINE;14 BOULEVARD DE LA MADELEINE;;;;3.30
A L'ATT DE MME F. COCHEREAUX ZI MITRY COMPANS RUE CHARLES DE COULOMB;RUE CHARLES DE COULOMB;;;A L'ATT DE MME F. COCHEREAUX ZI MITRY COMPANS;3.30
DE NOVO HOUSE NEWCOMEN WAY;NEWCOMEN WAY;DE NOVO HOUSE;;;3.30
76 RUE DE PRONY;76 RUE DE PRONY;;;;3.30
14 ALLEE DU CHATEAU BLANC 1ER ETAGE;14 ALLEE DU CHATEAU BLANC;;1ER ETAGE;;3.80
20 PLACE VENDOME;20 PLACE VENDOME;;;;3.30
21 RUE LA BOETIE;21 RUE LA BOETIE;;;;3.30
1 BOULEVARD MALESHERBES;1 BOULEVARD MALESHERBES;;;;3.30
UL RYZOWA 49;UL RYZOWA 49;;;;2.20
TAURUSAVENUE 165;165 TAURUSAVENUE;;;;2.80
ATTN W LAMBRECHT COMENIUSSTRAT 8;COMENIUSSTRAT 8;;;ATTN W LAMBRECHT;2.80
STATIONSPLEIN 4;STATIONSPLEIN 4;;;;2.20
102 AVENUE DES CHAMPS ELYSEES;102 AVENUE DES CHAMPS ELYSEES;;;;3.30
5780 POWERS FERRY ROAD;5780 POWERS FERRY ROAD;;;;3.30
57 TEMPLE ROAD  TEMPLE ROAD BLACKROCK;57 TEMPLE ROAD;;;TEMPLE ROAD BLACKROCK;3.40
2307 OREGON STREET;2307 OREGON STREET;;;;3.30
391 RUE DE GENEVE;391 RUE DE GENEVE;;;;3.30
38-40 AVENUE ROGER HENNEQUIN;38-40 AVENUE ROGER HENNEQUIN;;;;3.30
2 RUE JACQUES DAGUERRE IMMEUBLE ARIANE;2 RUE JACQUES DAGUERRE;IMMEUBLE ARIANE;;;3.90
30 RUE DES MATHURINS;30 RUE DES MATHURINS;;;;3.30
MOORTALSTRASSE 1;MOORTALSTRASSE 1;;;;2.20
17 RUE SOYER;17 RUE SOYER;;;;3.30
8-12 RUE DES PIROGUES DE BERCY;8-12 RUE DES PIROGUES DE BERCY;;;;3.30
2 RUE DU VIEUX MARCHE AUX VINS;2 RUE DU VIEUX MARCHE AUX VINS;;;;3.30
43 AVENUE PIERRE MENDES-FRANCE;43 AVENUE PIERRE MENDES-FRANCE;;;;3.30
C/O PACK2PACK RUMBEKE NV SCHAAPBRUGGESTRAAT 37;SCHAAPBRUGGESTRAAT 37;;;C/O PACK2PACK RUMBEKE NV;3.00
51 JONG-RO, JONGNO-GU;51 JONG-RO;;;JONGNO-GU;2.90
2 AVENUE DE L'INDUSTRIE;2 AVENUE DE L'INDUSTRIE;;;;3.30
375 RUE JULIETTE RECAMIER;375 RUE JULIETTE RECAMIER;;;;3.30
RUE DE L'EUROPE ZONE INDUSTRIELLE;RUE DE L'EUROPE;;;ZONE INDUSTRIELLE;3.30
ROUTE DE CERDON;ROUTE DE CERDON;;;;2.70
DISTELWEG 88;DISTELWEG 88;;;;2.20
CARGO 6 - 6 RUE DU PAVE  CS 16276 TREMBLAY EN FRANCE;6 RUE DU PAVE;CARGO 6;;CS 16276 TREMBLAY EN FRANCE;4.70
25A BOULEVARD ROYAL;25A BOULEVARD ROYAL;;;;3.30
ZAC DE LA GOULGATIERE;ZAC DE LA GOULGATIERE;;;;2.20
21 RUE CLEMENT MAROT;21 RUE CLEMENT MAROT;;;;3.30
RUE DE L'EUROPE;RUE DE L'EUROPE;;;;2.70
3 RUE DU COLONEL MOLL;3 RUE DU COLONEL MOLL;;;;3.30
37 AVENUE PIERRE 1ER DE SERBIE;37 AVENUE PIERRE 1ER DE SERBIE;;;;3.30
13 BD DU FORT DE VAUX;13 BD DU FORT DE VAUX;;;;2.80
2-22 PLACE DES VINS DE FRANCE BATIMENT B;2-22 PLACE DES VINS DE FRANCE;BATIMENT B;;;3.90
ZI DE MITRY COMPANS RUE CHARLES COULOMB;ZI DE MITRY COMPANS RUE CHARLES COULOMB;;;;2.70
124 BOULEVARD DE VERDUN;124 BOULEVARD DE VERDUN;;;;3.30
7 BOULEVARD DE LA MADELEINE / M D. LOUVET;7 BOULEVARD DE LA MADELEINE;;;M D. LOUVET;3.40
8-12 RUE DES PIROGUES DE BERCY;8-12 RUE DES PIROGUES DE BERCY;;;;3.30
1209 ORANGE STREET  CORPORATION TRUST CENTER;1209 ORANGE STREET;CORPORATION TRUST CENTER;;;3.90
Z.I. DU DRESSEVE;Z.I. DU DRESSEVE;;;;2.20
163-165 AVENUE CHARLES DE GAULLE;163-165 AVENUE CHARLES DE GAULLE;;;;3.30
BASTION TOWER (14EME ETAGE)  PLACE DU CHAMPS DE MARS 5;PLACE DU CHAMPS DE MARS 5;BASTION TOWER;(14EME ETAGE);;3.80
167 QUAI DE LA BATAILLE DE STALINGRAD;167 QUAI DE LA BATAILLE DE STALINGRAD;;;;3.30
76 RUE DE PRONY;76 RUE DE PRONY;;;;3.30
213 COURS VICTOR HUGO;213 COURS VICTOR HUGO;;;;3.30
BANTENG TIMUR N. 2-4;BANTENG TIMUR;;;N. 2-4;2.50
15 RUE DU JURA SILIC BATIMENT OSAKA;15 RUE DU JURA;SILIC BATIMENT OSAKA;;;3.90
5300 GEORGE MCVAY DR;5300 GEORGE MCVAY DR;;;;2.80
9 RUE JEAN PHILIPPE RAMEAU  SAINT DENIS;9 RUE JEAN PHILIPPE RAMEAU;;;SAINT DENIS;3.40
61 RUE DE SAINT VERAN LOCHE;61 RUE DE SAINT VERAN;;;LOCHE;3.40
AMPERESTRAAT 11;11 AMPERESTRAAT;;;;2.80
NIEUWENHOVESTRAAT 8  B 8540 DEERLIJK;NIEUWENHOVESTRAAT 8;;;B 8540 DEERLIJK;2.50
1 BOULEVARD DU GENERAL DELAMBRE;1 BOULEVARD DU GENERAL DELAMBRE;;;;3.30
8-12 RUE DES PIROGUES DE BERCY;8-12 RUE DES PIROGUES DE BERCY;;;;3.30
10 RUE DE LA CROIX VIGNERON;10 RUE DE LA CROIX VIGNERON;;;;3.30
21 AVENUE DE COLMAR;21 AVENUE DE COLMAR;;;;3.30
16 RUE MARTEL;16 RUE MARTEL;;;;3.30
CALLE ROCAFORT 241 243  TERCERA PLT;CALLE ROCAFORT 241 243;;;TERCERA PLT;3.30
1 ALDGATE;1 ALDGATE;;;;2.80
IMMEUBLE LE RENAISSANCE 1 RUE CLAUDE MONNET;1 RUE CLAUDE MONNET;IMMEUBLE LE RENAISSANCE;;;3.90
8 AVENUE HOCHE;8 AVENUE HOCHE;;;;3.30
22 RUE DU DOCTEUR LANCEREAUX;22 RUE DU DOCTEUR LANCEREAUX;;;;3.30
107 RUE SAINT LAZARE;107 RUE SAINT LAZARE;;;;3.30
LEGO SYSTEM A/S ATTN LONE HANSEN-TEAM EUROPE AASTVEJ 1;AASTVEJ 1;;;ATTN LONE HANSEN-TEAM EUROPE LEGO SYSTEM A/S;3.30
7 BOULEVARD DE LA MADELEINE;7 BOULEVARD DE LA MADELEINE;;;;3.30
1-3 RUE BLANCHE IMMEUBLE THEODORE;1-3 RUE BLANCHE;IMMEUBLE THEODORE;;;3.90
BARONIELAAN 139;BARONIELAAN 139;;;;2.20
LA RAVOIRE CENTRE D ENTRETIEN D ANNECY;LA RAVOIRE CENTRE D ENTRETIEN D ANNECY;;;;2.20
30 RUE L'HERMITTE  IMMEUBLE LES TROIS PONTS;30 RUE L'HERMITTE;IMMEUBLE LES TROIS PONTS;;;3.90
ZONE INDUSTRIELLE DU CHENE VERT;ZONE INDUSTRIELLE DU CHENE VERT;;;;2.20
8 RUE EUGENE ET ARMAND PEUGEOT;8 RUE EUGENE ET ARMAND PEUGEOT;;;;3.30
PARC DE LA DEMI LUNE 1 AVENUE DE LA DEMI LUNE BP 12439;1 AVENUE DE LA DEMI LUNE;;;BP 12439 PARC DE LA DEMI LUNE;4.60
76 RUE DE PRONY;76 RUE DE PRONY;;;;3.30
33 KINGSWAY;33 KINGSWAY;;;;2.80
31 RUE DU 4 SEPTEMBRE;31 RUE DU 4 SEPTEMBRE;;;;3.30
ESPLANADE 40, C / O ALBRECHT GEB;ESPLANADE 40;;;C / O ALBRECHT GEB;2.30
704 RUE PIERRE ET MARIE CURIE;704 RUE PIERRE ET MARIE CURIE;;;;3.30
29 RUE DE SARRE;29 RUE DE SARRE;;;;3.30
KARSPELDREEF 8;KARSPELDREEF 8;;;;2.20
ZAALBERGWEG 9;ZAALBERGWEG 9;;;;2.20
RUE COMMANDANT NAESSENS 34;RUE COMMANDANT NAESSENS 34;;;;2.70
15 AVENUE LEONARD DE VINCI;15 AVENUE LEONARD DE VINCI;;;;3.30
18-20 PLACE DE LA MADELEINE;18-20 PLACE DE LA MADELEINE;;;;3.30
8 AVENUE HOCHE;8 AVENUE HOCHE;;;;3.30
76 RUE DE PRONY;76 RUE DE PRONY;;;;3.30
ZONE INDUSTRIELLE 33 RUE DE RECKEM;33 RUE DE RECKEM;;;ZONE INDUSTRIELLE;3.90
5 AVENUE KLEBER;5 AVENUE KLEBER;;;;3.30
22 RUE DU DOCTEUR LANCEREAUX A L'ATT DE PATRICIA LEBRETON CS80102;22 RUE DU DOCTEUR LANCEREAUX;;;A L'ATT DE PATRICIA LEBRETON CS80102;3.60
C/O LEGO SYSTEM AS L.THERKELSEN/ACCOUNTING BILLUND AASTVEJ 1;AASTVEJ 1;;;C/O LEGO SYSTEM AS L.THERKELSEN/ACCOUNTING BILLUND;2.80
8-12 RUE DES PIROGUES DE BERCY;8-12 RUE DES PIROGUES DE BERCY;;;;3.30
20 AVENUE ANDRE PROTHIN  LA DEFENSE 4 IMMEUBLE EUROPLAZA;20 AVENUE ANDRE PROTHIN;IMMEUBLE EUROPLAZA;;LA DEFENSE 4;4.20
58 AVENUE DE WAGRAM;58 AVENUE DE WAGRAM;;;;3.30
C/O ECCO EUROPE BV POSTBUS 12471;POSTBUS 12471;;;C/O ECCO EUROPE BV;2.80
3 5 RUE SAINT GEORGES;3 5 RUE SAINT GEORGES;;;;3.30
ZAC NOVO RUE LAVOISIER;RUE LAVOISIER;;;ZAC NOVO;3.30
37 AVENUE PIERRE 1ER DE SERBIE;37 AVENUE PIERRE 1ER DE SERBIE;;;;3.30
PAPENDORPSEWEG 100;PAPENDORPSEWEG 100;;;;2.20
ZA AERODROME OUEST VALPARK 1 H RUE LOUIS DUVANT;H RUE LOUIS DUVANT;VALPARK 1;;ZA AERODROME OUEST;2.90
76 RUE DE PRONY;76 RUE DE PRONY;;;;3.30
BAT 1 RUE ANDRE MAGINOT ZAC DE LA FONTAINE DES SAINTS EUROTRANSIT 3;RUE ANDRE MAGINOT;BAT 1;;ZAC DE LA FONTAINE DES SAINTS EUROTRANSIT 3;4.10
44-46 RUE DE LA BIENFAISANCE;44-46 RUE DE LA BIENFAISANCE;;;;3.30
14-16 RUE MARC BLOCH;14-16 RUE MARC BLOCH;;;;3.30
46 ROUTE DE ROUEN LES BAQUETS;46 ROUTE DE ROUEN;;;LES BAQUETS;3.40
CHAUSSEE DE NIVELLES 83;CHAUSSEE DE NIVELLES 83;;;;2.20
18-20 PLACE DE LA MADELEINE;18-20 PLACE DE LA MADELEINE;;;;3.30
2 RUE PILLET-WILL;2 RUE PILLET-WILL;;;;3.30
2-22 PLACE DES VINS DE FRANCE BAT B;2-22 PLACE DES VINS DE FRANCE;BAT B;;;3.90
20 BOULEVARD ROYAL;20 BOULEVARD ROYAL;;;;3.30
76 RUE DE PRONY;76 RUE DE PRONY;;;;3.30
21 RUE LA BOETIE;21 RUE LA BOETIE;;;;3.30
VIERLINGHSTRAAT 51;VIERLINGHSTRAAT 51;;;;2.20
35 BOULEVARD DES CAPUCINES;35 BOULEVARD DES CAPUCINES;;;;3.30
RISSNELEDEN 110 RC 5;RISSNELEDEN 110;;;RC 5;2.50
RIJKSSTRAATWEG 31;31 RIJKSSTRAATWEG;;;;2.80
ATTN LUDIVINE LELONG ACCOUNTING DEPARTMENT CHEMIN DES SOLDATS;CHEMIN DES SOLDATS;;;ATTN LUDIVINE LELONG ACCOUNTING DEPARTMENT;2.80
CHEZ APBS / ATTN PH. POURQUERY BAT LE SIGNAC ZAC DES BARBANNIER 1 AVENUE DU GENERAL DE GAULLE;1 AVENUE DU GENERAL DE GAULLE;BAT LE SIGNAC;;ZAC DES BARBANNIER CHEZ APBS / ATTN PH. POURQUERY;5.50
2 RUE PILLET-WILL;2 RUE PILLET-WILL;;;;3.30
91-93 BOULEVARD PASTEUR;91-93 BOULEVARD PASTEUR;;;;3.30
31 GRESHAM STREET;31 GRESHAM STREET;;;;3.30
163-165 AVENUE CHARLES DE GAULLE;163-165 AVENUE CHARLES DE GAULLE;;;;3.30
18 AVENUE FRANCOIS MITTERRAND;18 AVENUE FRANCOIS MITTERRAND;;;;3.30
21-25 RUE BALZAC;21-25 RUE BALZAC;;;;3.30
PARC DES AUTOROUTES  RUE GEORGES CHARPAK;RUE GEORGES CHARPAK;;;PARC DES AUTOROUTES;3.30
49-51 RUE LOUIS BLANC;49-51 RUE LOUIS BLANC;;;;3.30
ZI DE MITRY COMPANS RUE CHARLES COULOMB;ZI DE MITRY COMPANS RUE CHARLES COULOMB;;;;2.70
CALLE ROCAFORT (PLT 3) 241 243;241 243 CALLE ROCAFORT;;;PLT 3;4.10
20 AIRPORT BOULEVARD  SATS INFLIGHT CATERING CENTRE 1;20 AIRPORT BOULEVARD;SATS INFLIGHT CATERING CENTRE 1;;;3.40
RIVER OUEST - 80 QUAI VOLTAIRE;80 QUAI VOLTAIRE;;;RIVER OUEST;3.40
CARGO 6 / 6 RUE DU PAVE  CS 16276 TREMBLAY EN FRANCE;6 RUE DU PAVE;CARGO 6;;CS 16276 TREMBLAY EN FRANCE;4.70
1209 ORANGE STREET;1209 ORANGE STREET;;;;3.30
DREVENDAAL 1;DREVENDAAL 1;;;;2.20
91-93 BOULEVARD PASTEUR;91-93 BOULEVARD PASTEUR;;;;3.30
6 RUE DE PORSTREIN PORT DE COMMERCE;6 RUE DE PORSTREIN;;;PORT DE COMMERCE;3.90
66 AVENUE CHARLES DE GAULLE;66 AVENUE CHARLES DE GAULLE;;;;3.30
8-12 RUE DES PIROGUES DE BERCY;8-12 RUE DES PIROGUES DE BERCY;;;;3.30
3 RUE DU BOIS BRIARD  COURCOURONNES;3 RUE DU BOIS BRIARD;;;COURCOURONNES;3.40
INDUSTRIESTRAAT 9;9 INDUSTRIESTRAAT;;;;2.80
8-12 RUE DES PIROGUES DE BERCY;8-12 RUE DES PIROGUES DE BERCY;;;;3.30
96 AVENUE CHARLES DE GAULLE;96 AVENUE CHARLES DE GAULLE;;;;3.30
1 RUE SEJOURNE;1 RUE SEJOURNE;;;;3.30
HOVEDGADEN 584;584 HOVEDGADEN;;;;2.80
42 RUE WASHINGTON;42 RUE WASHINGTON;;;;3.30
23 RUE FRANCOIS 1 ER;23 RUE FRANCOIS 1 ER;;;;3.30
76 RUE DE PRONY;76 RUE DE PRONY;;;;3.30
20 AVENUE DE LA PAIX;20 AVENUE DE LA PAIX;;;;3.30
595 MADISON AVENUE;595 MADISON AVENUE;;;;3.30
VUURIJZER 23 UNIT C;23 VUURIJZER;UNIT C;;;2.90
CHAUSSEE DE NIVELLES 83;CHAUSSEE DE NIVELLES 83;;;;2.20
166-180 BLD GABRIEL PERI;166-180 BLD GABRIEL PERI;;;;2.80
RUE NATALIS 2;RUE NATALIS 2;;;;2.70
ZI LES BAS PRES CS 70113;ZI LES BAS PRES;;;CS 70113;3.00
RUE CHARLES COULOMB ZI MITRY COMPANS;RUE CHARLES COULOMB;;;ZI MITRY COMPANS;3.30
3 BOULEVARD JEAN MOULIN  BAT 5 OMEGA PARC;3 BOULEVARD JEAN MOULIN;BAT 5 OMEGA PARC;;;3.90
14 AVENUE LION  ZA LA POULASSE;14 AVENUE LION;;;ZA LA POULASSE;3.40
163-165 AVENUE CHARLES DE GAULLE;163-165 AVENUE CHARLES DE GAULLE;;;;3.30
10 RUE DU PAVE CARGO 5 BP 13367 TREMBLAY EN FRANCE;10 RUE DU PAVE;CARGO 5;;BP 13367 TREMBLAY EN FRANCE;4.70
BIOPOLE CLERMONT LIMAGNE RUE MICHEL RENAUD -BAT D ACCUEIL;RUE MICHEL RENAUD;BAT D ACCUEIL;;BIOPOLE CLERMONT LIMAGNE;3.40
76 RUE DE PRONY;76 RUE DE PRONY;;;;3.30
1 BOULEVARD MALESHERBES;1 BOULEVARD MALESHERBES;;;;3.30
17 RUE DU VERTUQUET;17 RUE DU VERTUQUET;;;;3.30
ZONE INDUSTRIELLE DE LAVAUR LA BECHADE;ZONE INDUSTRIELLE DE LAVAUR;;;LA BECHADE;2.30
5, RUE EUGÈNE RUPPERT;5 RUE EUGÈNE RUPPERT;;;;3.30
4 RUE PIERRE ET MARIE CURIE;4 RUE PIERRE ET MARIE CURIE;;;;3.30
11-13 RUE DE MONCEAU;11-13 RUE DE MONCEAU;;;;3.30
8 AVENUE DE L'ILE SAINT-MARTIN PARC NAOS;8 AVENUE DE L'ILE SAINT-MARTIN;;;PARC NAOS;3.90
26-28 AU PUI WAN STREET;26-28 AU PUI WAN STREET;;;;3.30
65 AVENUE DE LA GARE;65 AVENUE DE LA GARE;;;;3.30
3 RUE DU BOIS BRIARD  COURCOURONNES;3 RUE DU BOIS BRIARD;;;COURCOURONNES;3.40
1325 AVENUE OF THE AMERICAS 2103;1325 AVENUE OF THE AMERICAS;;;2103;3.30
51 RUE LA BOETIE;51 RUE LA BOETIE;;;;3.30
1030 SYNC STREET MORRISVILLE, NC;1030 SYNC STREET;;;MORRISVILLE, NC;3.40
RUE DES PARACHUTISTES;RUE DES PARACHUTISTES;;;;2.70
AUTOSTRADE 10  B 1861 WOLVERTEM;10 AUTOSTRADE;;;B 1861 WOLVERTEM;3.10
88 RUE DE RIVOLI;88 RUE DE RIVOLI;;;;3.30
2-22 PLACE DES VINS DE FRANCE BAT B;2-22 PLACE DES VINS DE FRANCE;BAT B;;;3.90
26-28 RUE DE LONDRES;26-28 RUE DE LONDRES;;;;3.30
AVENUE LOUISE 143  BOITE 4;AVENUE LOUISE 143;;;BOITE 4;3.50
300 RUE DU VALLON LES VAISSEAUX BATIMENTS C SOPHIA ANTIPOLIS;300 RUE DU VALLON;LES VAISSEAUX BATIMENTS C;;SOPHIA ANTIPOLIS;3.50
5 BIS RUE MAHIAS;5 BIS RUE MAHIAS;;;;3.30
63 RUE DE VILLIERS;63 RUE DE VILLIERS;;;;3.30
2 RUE PILLET-WILL;2 RUE PILLET-WILL;;;;3.30
6 PLACE DE LA MADELEINE C/O MEDIALEX;6 PLACE DE LA MADELEINE;;;C/O MEDIALEX;3.90
ZI LE BOIS CHEVALIER;ZI LE BOIS CHEVALIER;;;;2.20
4 AVENUE HOCHE;4 AVENUE HOCHE;;;;3.30
2-22 PLACE DES VINS DE FRANCE BATIMENT B;2-22 PLACE DES VINS DE FRANCE;BATIMENT B;;;3.90
LE SUD ESSOR 5 RUE MARCEL  LALOYAU;5 RUE MARCEL LALOYAU;LE SUD ESSOR;;;3.40
1 AVENUE CLAUDE MONET IMMEUBLE LE RENAISSANCE;1 AVENUE CLAUDE MONET;IMMEUBLE LE RENAISSANCE;;;3.90
78 RUE DE LA ROYENNE;78 RUE DE LA ROYENNE;;;;3.30
FROBENSTRAAT 21 C;FROBENSTRAAT 21 C;;;;2.20
BUDAPESTER STRASSE 48;48 BUDAPESTER STRASSE;;;;2.80
EUREGIOWEG 225;225 EUREGIOWEG;;;;2.80
8 RUE DES FONTANGUES  ZONE INDUSTRIELLE NORD;8 RUE DES FONTANGUES;;;ZONE INDUSTRIELLE NORD;3.90
17-19 RUE JEAN ZAY;17-19 RUE JEAN ZAY;;;;3.30
ZONE EUROTRANSIT 3 METZ HR MANAGER;ZONE EUROTRANSIT 3;;;METZ HR MANAGER;2.30
1 RUE DE GRAMONT;1 RUE DE GRAMONT;;;;3.30
P.O. BOX 9300;P.O. BOX 9300;;;;2.20
Z I.DE CAMAGNON PLOERMEL;Z I.DE CAMAGNON;;;PLOERMEL;2.30
76 RUE DE PRONY;76 RUE DE PRONY;;;;3.30
30 RUE DES MATHURINS;30 RUE DES MATHURINS;;;;3.30
6 PLACE DE LA MADELEINE;6 PLACE DE LA MADELEINE;;;;3.30
41 RUE DU PETIT BRUXELLES;41 RUE DU PETIT BRUXELLES;;;;3.30
8 AVENUE HOCHE;8 AVENUE HOCHE;;;;3.30
2B, RUE ALBERT BORSCHETTE;2B, RUE ALBERT BORSCHETTE;;;;3.30
ORANGE STREET 1209  CORPORATION TRUST CENTER;1209 ORANGE STREET;CORPORATION TRUST CENTER;;;3.90
1-1 KYOBASHI 3-CHOME CHUO KU;1-1 KYOBASHI 3-CHOME;;;CHUO KU;2.90
STRAWWINSKYLAAN 403;403 STRAWWINSKYLAAN;;;;2.80
18-20 PLACE DE LA MADELEINE;18-20 PLACE DE LA MADELEINE;;;;3.30
ZI RUE DE L'EUROPE;RUE DE L'EUROPE;;;ZI;3.20
8 AVENUE HOCHE;8 AVENUE HOCHE;;;;3.30
TSA 41264  ATTENTION ANNE MARIE FABET;TSA 41264;;;ATTENTION ANNE MARIE FABET;2.80
23 RUE FRANCOIS 1ER;23 RUE FRANCOIS 1ER;;;;3.30
3 RUE BELLINI;3 RUE BELLINI;;;;3.30
7 PLACE DU CHANCELIER ADENAUER;7 PLACE DU CHANCELIER ADENAUER;;;;3.30
HOVEDGADEN 630;630 HOVEDGADEN;;;;2.80
8 AVENUE HOCHE;8 AVENUE HOCHE;;;;3.30
20-22 RUE JEAN JAURES;20-22 RUE JEAN JAURES;;;;3.30
18 QUAI DE LA RAPEE;18 QUAI DE LA RAPEE;;;;3.30
6 PLACE DE LA MADELEINE C/0 MEDIALEX;6 PLACE DE LA MADELEINE;;;C/0 MEDIALEX;3.60
PARIS;PARIS;;;;2.20
22 RUE DU DOCTEUR LANCEREAUX;22 RUE DU DOCTEUR LANCEREAUX;;;;3.30
65 AVENUE KLEBER;65 AVENUE KLEBER;;;;3.30
POSTBUS 1333;POSTBUS 1333;;;;2.20
66 AVENUE CHARLES DE GAULLE;66 AVENUE CHARLES DE GAULLE;;;;3.30
78 RUE DE LA ROYENNE;78 RUE DE LA ROYENNE;;;;3.30
BIJLMERPLEIN 888;BIJLMERPLEIN 888;;;;2.20
10 AVENUE DE L'ENTREPRISE BATIMENT GALILEE 3;10 AVENUE DE L'ENTREPRISE;BATIMENT GALILEE 3;;;3.90
43 AVENUE PIERRE MENDES FRANCE;43 AVENUE PIERRE MENDES FRANCE;;;;3.30
PARC D'ENTREPRISES DE LA MOTTE  DU BOIS;PARC D'ENTREPRISES DE LA MOTTE;;;DU BOIS;2.80
102 AVENUE DES CHAMPS ELYSEES;102 AVENUE DES CHAMPS ELYSEES;;;;3.30
8-12 RUE DES PIROGUES DE BERCY;8-12 RUE DES PIROGUES DE BERCY;;;;3.30
ZUIDPLEIN 216;ZUIDPLEIN 216;;;;2.20
ODET;ODET;;;;2.20
DAMSTRAAT 4  B 9230 WETTEREN;DAMSTRAAT 4;;;B 9230 WETTEREN;2.50
LIEUDIT BEAU VALLON;BEAU VALLON;;;LIEUDIT;2.30
8 AVENUE HOCHE;8 AVENUE HOCHE;;;;3.30
JACOBUS SPIJKERDREEF 20-24;JACOBUS SPIJKERDREEF 20-24;;;;2.20
43 AVENUE PIERRE MENDES FRANCE;43 AVENUE PIERRE MENDES FRANCE;;;;3.30
11 RUE DE MONCEAU  CS 60003;11 RUE DE MONCEAU;CS 60003;;;3.40
76 RUE DE PRONY;76 RUE DE PRONY;;;;3.30
ZI DE CAMAGNON BP 320;ZI DE CAMAGNON;;;BP 320;3.00
20 RUE CHEVREUL;20 RUE CHEVREUL;;;;3.30
5 RUE JULES LEFEBVRE BAT A;5 RUE JULES LEFEBVRE;BAT A;;;3.90
27 AVENUE DE LA CONSTELLATION BP 78516 CERGY;27 AVENUE DE LA CONSTELLATION;;;BP 78516 CERGY;4.10
DU BOIS PARC D'ENTREPRISES DE LA MOTTE RUE PIERRE JACQUART;RUE PIERRE JACQUART;PARC D'ENTREPRISES DE LA MOTTE;;DU BOIS;3.40
22 RUE DU DOCTEUR LANCEREAUX;22 RUE DU DOCTEUR LANCEREAUX;;;;3.30
76 RUE DE PRONY;76 RUE DE PRONY;;;;3.30
66 AVENUE CHARLES DE GAULLE;66 AVENUE CHARLES DE GAULLE;;;;3.30
34 PLACE DE LA GARE-CS 70739 IMMEUBLE LE TREFLE CENTRE D'AFFAIRES D'ACTOFFICE;34 PLACE DE LA GARE;IMMEUBLE LE TREFLE;;CS 70739 CENTRE D'AFFAIRES D'ACTOFFICE;4.70
26, AVENUE DE LA LIBERTÉ;26 AVENUE DE LA LIBERTÉ;;;;3.30
42 RUE PAUL SABATIER;42 RUE PAUL SABATIER;;;;3.30
43-45 ALLEE SCHEFFER;43-45 ALLEE SCHEFFER;;;;2.80
AVENUE THEODULE GONDA 4  B 4400 IVOZ RAMET;AVENUE THEODULE GONDA 4;;;B 4400 IVOZ RAMET;3.00
76 RUE DE PRONY;76 RUE DE PRONY;;;;3.30
TOUR ARIANE 5 PLACE DE LA PYRAMIDE;5 PLACE DE LA PYRAMIDE;TOUR ARIANE;;;3.90
27 RUE DE MOGADOR;27 RUE DE MOGADOR;;;;3.30
22 RUE DU DOCTEUR LANCEREAUX;22 RUE DU DOCTEUR LANCEREAUX;;;;3.30
BATIMENT B-LOT 9  65 AVENUE GEORGES POLITZER;65 AVENUE GEORGES POLITZER;BATIMENT B-LOT 9;;;4.40
16 PLACE DE L'IRIS;16 PLACE DE L'IRIS;;;;3.30
JESENSKEHO 4/C;JESENSKEHO 4/C;;;;2.20
8-12 RUE DES PIROGUES DE BERCY;8-12 RUE DES PIROGUES DE BERCY;;;;3.30
21-37 RUE DE STALINGRAD IMMEUBLE LE BAUDRAN;21-37 RUE DE STALINGRAD;IMMEUBLE LE BAUDRAN;;;3.90
USINE DE BEAULIEU BP 50;USINE DE BEAULIEU;;;BP 50;3.00
17 RUE DE LA BAIGNERIE;17 RUE DE LA BAIGNERIE;;;;3.30
11 RUE PASTEUR;11 RUE PASTEUR;;;;3.30
85 AVENUE PIERRE GRENIER;85 AVENUE PIERRE GRENIER;;;;3.30
108 RUE DE LONGCHAMP;108 RUE DE LONGCHAMP;;;;3.30
19 RUE DE LA PAIX;19 RUE DE LA PAIX;;;;3.30
43-45, ALLEE SCHEFFER;43-45, ALLEE SCHEFFER;;;;2.80
RUE JEAN CASSE ZI LES BAS PRES;RUE JEAN CASSE;;;ZI LES BAS PRES;3.30
1 AVENUE DU GENERAL DE GAULLE BAT LE SIGNAC ZAC DES BARBANNIER;1 AVENUE DU GENERAL DE GAULLE;BAT LE SIGNAC;;ZAC DES BARBANNIER;4.50
1-3 RUE BLANCHE IMMEUBLE THEODORE;1-3 RUE BLANCHE;IMMEUBLE THEODORE;;;3.90
DOZSA GYORGY UT 84/B;DOZSA GYORGY UT 84/B;;;;2.20
ATTN IOLANDA BERTOZZI SWINNENWIJERWEG 5;SWINNENWIJERWEG 5;;;ATTN IOLANDA BERTOZZI;2.80
88 LEADENHALL STREET 5TH FLOOR;88 LEADENHALL STREET;;5TH FLOOR;;4.30
32 RUE DE LA BIENFAISANCE;32 RUE DE LA BIENFAISANCE;;;;3.30
63 AVENUE DE VERSAILLES;63 AVENUE DE VERSAILLES;;;;3.30
2 RUE PILLET WILL;2 RUE PILLET WILL;;;;3.30
LE CABARET;LE CABARET;;;;2.20
76 RUE DE PRONY;76 RUE DE PRONY;;;;3.30
1 AVENUE SPINOZA;1 AVENUE SPINOZA;;;;3.30
3 BOULEVARD DE SEBASTOPOL;3 BOULEVARD DE SEBASTOPOL;;;;3.30
SIMON BOLIVARLAAN 34;SIMON BOLIVARLAAN 34;;;;2.20
12 COURS MICHELET IMMEUBLE CARRÉ MICHELET;12 COURS MICHELET;IMMEUBLE CARRÉ MICHELET;;;3.90
ZONE D'ACTIVITE COMMERCIALE DE LA GOULGATIERE;ZONE D'ACTIVITE COMMERCIALE DE LA GOULGATIERE;;;;2.20
9 RUE DU QUATRE-SEPTEMBRE;9 RUE DU QUATRE-SEPTEMBRE;;;;3.30
33 RUE DE VERDUN;33 RUE DE VERDUN;;;;3.30
47 RUE DE PONTHIEU;47 RUE DE PONTHIEU;;;;3.30
STEPHENSONSTRAAT 2;STEPHENSONSTRAAT 2;;;;2.20
11 PLACE DES VOSGES;11 PLACE DES VOSGES;;;;3.30
5 BIS RUE MAHIAS C/O NOMIOS - SIEGE;5 BIS RUE MAHIAS;;;C/O NOMIOS - SIEGE;3.90
18-20 PLACE DE LA MADELEINE;18-20 PLACE DE LA MADELEINE;;;;3.30
A L'ATTENTION DE BENOIT DAGONEAU BP 32;BP 32;;;A L'ATTENTION DE BENOIT DAGONEAU;3.30
46 RUE DE LA COUTURE  SILIC 195;46 RUE DE LA COUTURE;SILIC 195;;;3.40
7 BOULEVARD DE LA MADELEINE A L'ATT DE T DOMINGUEZ/ D LOUVET;7 BOULEVARD DE LA MADELEINE;;;A L'ATT DE T DOMINGUEZ/ D LOUVET;3.40
23 RUE FRANCOIS 1ER;23 RUE FRANCOIS 1ER;;;;3.30
2711 CENTERVILLE RD SUITE 400;2711 CENTERVILLE RD;;SUITE 400;;4.30
20 PLACE VENDOME;20 PLACE VENDOME;;;;3.30
LARGO GUIDO DONEGANI 2 CAP;2 LARGO GUIDO DONEGANI;;;CAP;2.90
5 BIS RUE MAHIAS;5 BIS RUE MAHIAS;;;;3.30
13 RUE DU DOCTEUR LANCEREAUX;13 RUE DU DOCTEUR LANCEREAUX;;;;3.30
163-165 AVENUE CHARLES DE GAULLE;163-165 AVENUE CHARLES DE GAULLE;;;;3.30
4-6-8 RUE DARU;4-6-8 RUE DARU;;;;3.30
DE WATERMAN 2;DE WATERMAN 2;;;;2.20
DE NOVO HOUSE NEWCOMEN WAY;NEWCOMEN WAY;DE NOVO HOUSE;;;3.30
17-19 AVENUE MONTAIGNE;17-19 AVENUE MONTAIGNE;;;;3.30
50 RUE DE SAINT LEGER;50 RUE DE SAINT LEGER;;;;3.30
39 RUE DE LA GARE DE REUILLY;39 RUE DE LA GARE DE REUILLY;;;;3.30
13 AVENUE LEBRUN;13 AVENUE LEBRUN;;;;3.30
43 BOULEVARD MALESHERBES;43 BOULEVARD MALESHERBES;;;;3.30
8 RUE DE LA SEINE;8 RUE DE LA SEINE;;;;3.30
12 RUE JEAN JAURES;12 RUE JEAN JAURES;;;;3.30
RUE DE WERGIFOSSE 39  B 4630 SOUMAGNE;RUE DE WERGIFOSSE 39;;;B 4630 SOUMAGNE;3.00
8 RUE DES FONTANGUES ZONE INDUSTRIELLE NORD;8 RUE DES FONTANGUES;;;ZONE INDUSTRIELLE NORD;3.90
1 RUE CLAUDE MONET IMMEUBLE LE RENAISSANCE;1 RUE CLAUDE MONET;IMMEUBLE LE RENAISSANCE;;;3.90
1 ROND POINT DES CHAMPS ELYSEES;1 ROND POINT DES CHAMPS ELYSEES;;;;2.80
C/O MONSIEUR PAVIER RUE DES SPINETTES 13;RUE DES SPINETTES 13;;;C/O MONSIEUR PAVIER;3.30
13 TER BOULEVARD BERTHIER;13 TER BOULEVARD BERTHIER;;;;3.30
151-161 BOULEVARD VICTOR HUGO EUROSQUARE 1;151-161 BOULEVARD VICTOR HUGO;;;EUROSQUARE 1;3.60
22 RUE DU DOCTEUR LANCEREAUX;22 RUE DU DOCTEUR LANCEREAUX;;;;3.30
RN 306 SACLAY BP 32;RN 306;;;SACLAY BP 32;3.00
22 RUE DU DOCTEUR LANCEREAUX;22 RUE DU DOCTEUR LANCEREAUX;;;;3.30
10 RUE ALBERT EINSTEIN;10 RUE ALBERT EINSTEIN;;;;3.30
ROUTE DE PROUVILLE;ROUTE DE PROUVILLE;;;;2.70
163-165 AVENUE CHARLES DE GAULLE;163-165 AVENUE CHARLES DE GAULLE;;;;3.30
63 RUE DE VILLIERS;63 RUE DE VILLIERS;;;;3.30
7 BOULEVARD DE LA MADELEINE / M D. LOUVET;7 BOULEVARD DE LA MADELEINE;;;M D. LOUVET;3.40
ATTN PHILIPPE HANZEN Z.I. LES PLENESSES 7 CHEMIN DE XHENORIE;7 CHEMIN DE XHENORIE;;;ATTN PHILIPPE HANZEN Z.I. LES PLENESSES;3.40
21 RUE GLESENER;21 RUE GLESENER;;;;3.30
FINANCE DEPARTEMENT WONDELGEMKAAI 159;WONDELGEMKAAI 159;FINANCE DEPARTEMENT;;;2.30
61 AVENUE VICTOR HUGO;61 AVENUE VICTOR HUGO;;;;3.30
STRAWINSKYLAAN 2555;STRAWINSKYLAAN 2555;;;;2.20
18/20 PLACE DE LA MADELEINE;18/20 PLACE DE LA MADELEINE;;;;3.30
8 AVENUE HOCHE;8 AVENUE HOCHE;;;;3.30
134 BOULEVARD HAUSSMANN;134 BOULEVARD HAUSSMANN;;;;3.30
C/O ABERDEEN PROPERTY INVESTORS STRAWINSKYLAAN 303;STRAWINSKYLAAN 303;;;C/O ABERDEEN PROPERTY INVESTORS;2.80
4A RUE HENRI SCHNANDT;4A RUE HENRI SCHNANDT;;;;3.30
11 RUE SCRIBE;11 RUE SCRIBE;;;;3.30
HOEVENWEG 1;HOEVENWEG 1;;;;2.20
812 BLOOMFIELD AVENUE;812 BLOOMFIELD AVENUE;;;;3.30
FRIEDRICH-EBERT-ANLAGE 54;FRIEDRICH-EBERT-ANLAGE 54;;;;2.20
37-39 AVENUE LEDRU ROLLIN  CS11237 CEDEX 12;37-39 AVENUE LEDRU ROLLIN;;;CS11237 CEDEX 12;3.60
RUE DE TOURVILLE;RUE DE TOURVILLE;;;;2.70
58 AVENUE EMILE ZOLA;58 AVENUE EMILE ZOLA;;;;3.30
ALLEE DU CLOS JACQUET;ALLEE DU CLOS JACQUET;;;;2.20
20-22 RUE MARIUS AUFAN;20-22 RUE MARIUS AUFAN;;;;3.30
20 RUE DESBORDES VALMORE;20 RUE DESBORDES VALMORE;;;;3.30
36 RUE DE NAPLES;36 RUE DE NAPLES;;;;3.30
43 AVENUE PIERRE MENDES-FRANCE;43 AVENUE PIERRE MENDES-FRANCE;;;;3.30
POLE INDUSTRIEL DU FREJUS;POLE INDUSTRIEL DU FREJUS;;;;2.20
76 RUE DE PRONY;76 RUE DE PRONY;;;;3.30
33 AV DU MAINE;33 AV DU MAINE;;;;2.80
ORANGE STREET 1209  CORPORATION TRUST CENTER;1209 ORANGE STREET;CORPORATION TRUST CENTER;;;3.90
313 TERRASSES DE L'ARCHE;313 TERRASSES DE L'ARCHE;;;;2.80
22 RUE DE L`ARCADE;22 RUE DE L`ARCADE;;;;3.30
1 RUE FAVART;1 RUE FAVART;;;;3.30
7 BOULEVARD DE LA MADELEINE / M D. LOUVET;7 BOULEVARD DE LA MADELEINE;;;M D. LOUVET;3.40
RUE DE L'EUROPE;RUE DE L'EUROPE;;;;2.70
13-15 RUE JEAN JAURES;13-15 RUE JEAN JAURES;;;;3.30
2 AVENUE DE L'INDUSTRIE;2 AVENUE DE L'INDUSTRIE;;;;3.30
3RD FLOOR KILMORE HOUSE PARK LANE SPENCER DOCK;PARK LANE;KILMORE HOUSE;3RD FLOOR;SPENCER DOCK;4.40
124 BOULEVARD DE VERDUN;124 BOULEVARD DE VERDUN;;;;3.30
8 AVENUE HOCHE;8 AVENUE HOCHE;;;;3.30
POSTBUS 18;POSTBUS 18;;;;2.20
CARGO 5 / 10 RUE DU PAVE  CS 12174 TREMBLAY EN FRANCE;10 RUE DU PAVE;CARGO 5;;CS 12174 TREMBLAY EN FRANCE;4.70
BOULEVARD POINCARE 78-79;BOULEVARD POINCARE 78-79;;;;2.70
76 RUE DE PRONY;76 RUE DE PRONY;;;;3.30
11-13 RUE MONCEAU;11-13 RUE MONCEAU;;;;3.30
76 RUE DE PRONY;76 RUE DE PRONY;;;;3.30
17 AVENUE DE LA PORTE DES LILAS;17 AVENUE DE LA PORTE DES LILAS;;;;3.30
41-45 BOULEVARD ROMAIN ROLLAND;41-45 BOULEVARD ROMAIN ROLLAND;;;;3.30
43 AVENUE PIERRE MENDES-FRANCE;43 AVENUE PIERRE MENDES-FRANCE;;;;3.30
WILMINGTON;WILMINGTON;;;;2.20
7 BOULEVARD DE LA MADELEINE / M D. LOUVET;7 BOULEVARD DE LA MADELEINE;;;M D. LOUVET;3.40
SUITE 5 2ND FLOOR ASPECT HOUSE  BENNERLEY ROAD;BENNERLEY ROAD;ASPECT HOUSE;SUITE 5 2ND FLOOR;;4.80
AVENUE PAUL HYMANS 83 85 B 1200 BRUXELLES;AVENUE PAUL HYMANS 83 85;;;B 1200 BRUXELLES;3.00
4 BOULEVARD DE MONS;4 BOULEVARD DE MONS;;;;3.30
ATTN KEES ROELOFFS PO BOX 1619;PO BOX 1619;;;ATTN KEES ROELOFFS;2.80
GENERATORSTRAAT 11;GENERATORSTRAAT 11;;;;2.20
ALEKSANTERINKATU 30  SF-0100 HELSINKI 10;ALEKSANTERINKATU 30;;;SF-0100 HELSINKI 10;2.50
KOLVESTRAAT 4;KOLVESTRAAT 4;;;;2.20
C/O AXA RE BACK OFFICE INVESTISSEMENTS 40, RUE DU COLISEE;40, RUE DU COLISEE;;;C/O AXA RE BACK OFFICE INVESTISSEMENTS;3.90
35 RUE JOSEPH MONIER;35 RUE JOSEPH MONIER;;;;3.30
76/78 RUE SAINT LAZARE;76/78 RUE SAINT LAZARE;;;;3.30
C/O AXA IARD SA MME RIDOUX - TOUR AXA 11 FLEUVE 1 PLACE DES SAISONS;1 PLACE DES SAISONS;TOUR AXA 11 FLEUVE;;C/O AXA IARD SA MME RIDOUX;4.50
ROUTE DE SAINT GERMAIN BP 29;ROUTE DE SAINT GERMAIN;;;BP 29;3.50
C/O PREDICA 27 AVENUE C. VELLEFAUX;27 AVENUE C. VELLEFAUX;;;C/O PREDICA;3.90
C/O MACIF 2/4 RUE DE PIED DE FOND;2/4 RUE DE PIED DE FOND;;;C/O MACIF;3.90
MME LISA ROBERTSON 60 LONDON WALL;60 LONDON WALL;;;MME LISA ROBERTSON;2.90
3 RUE LEON CALON;3 RUE LEON CALON;;;;3.30
C/O AXA CESSIONS MME RIDOUX - TOUR AXA 11 FLEUVE 1 PLACE DES SAISONS;1 PLACE DES SAISONS;TOUR AXA 11 FLEUVE;;C/O AXA CESSIONS MME RIDOUX;4.50
C/O RHIN ET MOSELLE IARD ASSURANCES FRANCAISES 1 RUE DES ARQUEBUSIERS;1 RUE DES ARQUEBUSIERS;;;C/O RHIN ET MOSELLE IARD ASSURANCES FRANCAISES;3.90
10 RUE MARCEL DASSAULT;10 RUE MARCEL DASSAULT;;;;3.30
KUNGSTRADGARDSGATAN 8;KUNGSTRADGARDSGATAN 8;;;;2.20
POSTBUS 1035;POSTBUS 1035;;;;2.20
B.P. 50125;B.P. 50125;;;;2.20
C/O A.G.F. IART ATTN. MME C. QUIGNARD C.P. A215 87, RUE DE RICHELIEU;87, RUE DE RICHELIEU;;;C/O A.G.F. IART ATTN. MME C. QUIGNARD C.P. A215;4.60
21 ROUTE DE BOURBOURG;21 ROUTE DE BOURBOURG;;;;3.30
C/O JOSKIN PIRARD HOLDING RUE DE WERGIFOSSE 39;RUE DE WERGIFOSSE 39;;;C/O JOSKIN PIRARD HOLDING;3.30
9 RAFFLES PLACE HEX 19 02 REPUBLIC PLAZA;9 RAFFLES PLACE;REPUBLIC PLAZA;HEX 19 02;;3.90
C/O MUTUELLES REGIONALES D'ASSU. LE CROC B.P. 63130;LE CROC B.P. 63130;;;C/O MUTUELLES REGIONALES D'ASSU;2.80
C/O LE SOU MEDICAL 10 COURS DU TRIANGLE DE L'ARCHE TSA 40100;10 COURS DU TRIANGLE DE L'ARCHE;;;C/O LE SOU MEDICAL TSA 40100;4.10
2 RUE DE LA RENAISSANCE CENTRE D'AFFAIRES BATIMENT A;2 RUE DE LA RENAISSANCE;CENTRE D'AFFAIRES BATIMENT A;;;3.90
ODET;ODET;;;;2.20
23 RUE FRANCOIS 1ER;23 RUE FRANCOIS 1ER;;;;3.30
23 RUE FRANCOIS 1ER;23 RUE FRANCOIS 1ER;;;;3.30
SATAMARADANKATU 5;SATAMARADANKATU 5;;;;2.20
C/O VERDUYN NV GALGESTRAAT 9;GALGESTRAAT 9;;;C/O VERDUYN NV;2.80
CARGO 6 RUE DU PAVE CS 18212 TREMBLAY EN FRANCE;RUE DU PAVE;CARGO 6;;CS 18212 TREMBLAY EN FRANCE;4.10
C/O C.C.A.M.A. RESULTATS FIN. MM REMOND OU ROUX 5/7 RUE DU CENTRE;5/7 RUE DU CENTRE;;;C/O C.C.A.M.A. RESULTATS FIN. MM REMOND OU ROUX;4.40
AU FONDS RACE 25;25 AU FONDS RACE;;;;2.80
3-7 PLACE DE L'EUROPE;3-7 PLACE DE L'EUROPE;;;;3.30
I.C.E.A BUILDING FLOOR 6-7 KENYATTA AVENUE POB 30691;KENYATTA AVENUE;I.C.E.A BUILDING;FLOOR 6-7;POB 30691;5.10
CASE POSTALE 6405 30 AVENUE DE FRONTENEX;30 AVENUE DE FRONTENEX;;;CASE POSTALE 6405;4.10
11 PLACE DE L'EUROPE BP 46;11 PLACE DE L'EUROPE;;;BP 46;4.10
AVENUE PAUL HYMANS 83/85;AVENUE PAUL HYMANS 83/85;;;;2.70
TOUR BOLLORE 31 - 32 QUAI DE DION BOUTON;31 - 32 QUAI DE DION BOUTON;TOUR BOLLORE;;;3.90
1 AVENUE CLAUDE MONET IMMEUBLE LE RENAISSANCE;1 AVENUE CLAUDE MONET;IMMEUBLE LE RENAISSANCE;;;3.90
C/O C.G.A.M. 14 RUE RACINE;14 RUE RACINE;;;C/O C.G.A.M.;3.90
2 PLACE JEAN MILLIER LA DEFENSE 6;2 PLACE JEAN MILLIER;;;LA DEFENSE 6;3.60
PARC TERTIAIRE DE MIRANDE 14D RUE PIERRE DE COUBERTIN;14D RUE PIERRE DE COUBERTIN;PARC TERTIAIRE DE MIRANDE;;;3.40
ZI PIERRE MIJIC ROUTE DE WATOU;ROUTE DE WATOU;;;ZI PIERRE MIJIC;3.30
1 RUE DE LA HAYE REGUS ROISSY CDG;1 RUE DE LA HAYE;REGUS ROISSY CDG;;;3.40
43 AVENUE PIERRE MENDES-FRANCE;43 AVENUE PIERRE MENDES-FRANCE;;;;3.30
76 RUE DE PRONY;76 RUE DE PRONY;;;;3.30
HEIRWEG 26;26 HEIRWEG;;;;2.80
B.P. 147;B.P. 147;;;;2.20
ZI LE CESAR;ZI LE CESAR;;;;2.20
133 AVENUE DES CHAMPS ELYSEES;133 AVENUE DES CHAMPS ELYSEES;;;;3.30
PARC D ACTIVITES ECONOMIQUES DE LA CREULE HAZEBROUCK BP 147;PARC D ACTIVITES ECONOMIQUES DE LA CREULE;;;HAZEBROUCK BP 147;3.00
14 PLACE DES REFLETS CS 30064;14 PLACE DES REFLETS;;;CS 30064;4.10
C/O MURACEF 5 RUE MASSERAN;5 RUE MASSERAN;;;C/O MURACEF;3.90
C/O GM DE ROOY EN ZONEN EKKERSRIJT 2037;EKKERSRIJT 2037;;;C/O GM DE ROOY EN ZONEN;2.80
BP 12910;BP 12910;;;;2.20
36 AVENUE HOCHE;36 AVENUE HOCHE;;;;3.30
C/O AXA IARD MUTUELLE MME RIDOUX - TOUR AXA 11 FLEUVE 1 PLACE DES SAISONS;1 PLACE DES SAISONS;TOUR AXA 11 FLEUVE;;C/O AXA IARD MUTUELLE MME RIDOUX;4.50
C/O GROUPAMA DIR. FINANCIERE GRPE - G.FLECHE 8-10 RUE D'ASTORG;8-10 RUE D'ASTORG;;;C/O GROUPAMA DIR. FINANCIERE GRPE - G.FLECHE;3.90
1 AVENUE EUGENE FREYSSINET;1 AVENUE EUGENE FREYSSINET;;;;3.30
DISTELWEG 88;DISTELWEG 88;;;;2.20
C/O C.M.A.P. 47/49 RUE DE MIROMESNIL;47/49 RUE DE MIROMESNIL;;;C/O C.M.A.P.;3.90
1 PLACE COPERNIC;1 PLACE COPERNIC;;;;3.30
PCM DEPARTMENT-CFS SETTLEMENTS 3RD FLOOR-FOR ATT NICOLA QUADDY 60 LONDON WALL;60 LONDON WALL;;3RD FLOOR;PCM DEPARTMENT-CFS SETTLEMENTS-FOR ATT NICOLA QUADDY;3.80
154 RUE VICTOR HUGO CS 20232 LA HUME COWORKING;154 RUE VICTOR HUGO;;;CS 20232 LA HUME COWORKING;4.10
76 RUE DE PRONY;76 RUE DE PRONY;;;;3.30
C/O MUTUELLE CENTRALE DE REASSUR 65 RUE DE MONCEAU;65 RUE DE MONCEAU;;;C/O MUTUELLE CENTRALE DE REASSUR;3.90
ZI;ZI;;;;2.00
KLEINE KLOOSTERSTRAAT 10;10 KLEINE KLOOSTERSTRAAT;;;;2.80
12 PLACE DES ETATS UNIS  CS 70050;12 PLACE DES ETATS UNIS;;;CS 70050;4.10
C/O VERBRAEKEN CONSTRUCTION HAVERHEIDELAAN 10;HAVERHEIDELAAN 10;;;C/O VERBRAEKEN CONSTRUCTION;2.80
C/O DEFENSE MONDIAL ATLANTIDE ALLEE DES DAUPHINS;ALLEE DES DAUPHINS;;;C/O DEFENSE MONDIAL ATLANTIDE;2.80
TOUR MAINE MONTPARNASSE 33 AVENUE DU MAINE;33 AVENUE DU MAINE;TOUR MAINE MONTPARNASSE;;;3.90
NIJVERHEIDSLAAN 29;29 NIJVERHEIDSLAAN;;;;2.80
76 RUE DE PRONY;76 RUE DE PRONY;;;;3.30
23 RUE FRANCOIS 1ER;23 RUE FRANCOIS 1ER;;;;3.30
40-52 BOULEVARD DU PARC  IMMEUBLE NEWTIME;40-52 BOULEVARD DU PARC;IMMEUBLE NEWTIME;;;3.90
KOUTER 3;KOUTER 3;;;;2.20
118 120 RUE DE RIVOLI;118 120 RUE DE RIVOLI;;;;3.30
118/120 RUE DE RIVOLI;118/120 RUE DE RIVOLI;;;;3.30
19 RUE D'ARCUEIL CP 30450;19 RUE D'ARCUEIL;;;CP 30450;4.10
5 RUE DES HERONS;5 RUE DES HERONS;;;;3.30
ATT COMPTABILITE CLIENTS 5 BOULEVARD MICHELET;5 BOULEVARD MICHELET;;;ATT COMPTABILITE CLIENTS;3.40
LE PONT DE SAINT-CARADEC;LE PONT DE SAINT-CARADEC;;;;2.20
253 BOULEVARD DU LEEDS IMMEUBLE LE LEEDS;253 BOULEVARD DU LEEDS;IMMEUBLE LE LEEDS;;;3.90
CARGO 5 - 10 RUE DU PAVE CS 18353 TREMBLAY EN FRANCE;10 RUE DU PAVE;CARGO 5 -;;CS 18353 TREMBLAY EN FRANCE;4.70
A L'ATTENTION DE M. EDDY SIMILON SLAKWEIDESTRAAT 31;SLAKWEIDESTRAAT 31;;;A L'ATTENTION DE M. EDDY SIMILON;3.80
7 BOULEVARD DE LA MADELEINE;7 BOULEVARD DE LA MADELEINE;;;;3.30
C/O SOBEVAL AVENUE LOUIS LESCURE;AVENUE LOUIS LESCURE;;;C/O SOBEVAL;3.30
COMPTABILITE BANCAIRE TRI D3/402 20 AVENUE RAYMOND ARON;20 AVENUE RAYMOND ARON;;;COMPTABILITE BANCAIRE TRI D3/402;3.60
C/O M.P.F. 19 AVENUE DE GRAMMONT;19 AVENUE DE GRAMMONT;;;C/O M.P.F.;3.90
55 FUXINGMENNEI DAJIE;55 FUXINGMENNEI DAJIE;;;;2.80
185 RUE LEON BLUM;185 RUE LEON BLUM;;;;3.30
B.P. 91;B.P. 91;;;;2.20
ATTN. M. CLAUDE BRUN 31 RUE JEAN GIRAUDOUX;31 RUE JEAN GIRAUDOUX;;;ATTN. M. CLAUDE BRUN;3.90
MADAME MARYLENE MORIN PARC ACTIVITE ESPRIT 1 RUE ALBERT EINSTEIN;1 RUE ALBERT EINSTEIN;;;MADAME MARYLENE MORIN PARC ACTIVITE ESPRIT;3.90
C/O ASSUR. MUTUELLE DE PICARDIE 4 RUE EDOUARD GAND;4 RUE EDOUARD GAND;;;C/O ASSUR. MUTUELLE DE PICARDIE;3.90
55 BOULEVARD ABDELMOUMEN;55 BOULEVARD ABDELMOUMEN;;;;3.30
PAE LA CREULE B.P. 147;PAE LA CREULE;;;B.P. 147;2.50
40 RUE DE SEVRES TRESORERIE;40 RUE DE SEVRES;;;TRESORERIE;3.40
6 AVENUE DU MARAIS;6 AVENUE DU MARAIS;;;;3.30
A L ATTENTION DE MONSIEUR FOUBLE 34 RUE DE LA CROIX DE FER;34 RUE DE LA CROIX DE FER;;;A L ATTENTION DE MONSIEUR FOUBLE;3.90
EUROPALAAN 17;EUROPALAAN 17;;;;2.20
AALSTERSESTRAAT 122;AALSTERSESTRAAT 122;;;;2.20
C/O ING PCM A LOCATIECODE AS 04 37 POSTBUS 1800;POSTBUS 1800;;;C/O ING PCM A LOCATIECODE AS 04 37;3.00
C/O NOVUS EUROPE AVENUE MARCEL THIRY 200 BLOC D;AVENUE MARCEL THIRY 200;;BLOC D;C/O NOVUS EUROPE;3.90
RUE TERRE A BRIQUES 18;RUE TERRE A BRIQUES 18;;;;2.70
IMMEUBLE LES RENARDIERES 3 PLACE DE SAVERNE;3 PLACE DE SAVERNE;IMMEUBLE LES RENARDIERES;;;3.90
ATTENTION MME JOCELYNE FEVRIER 31 RUE HENRY BP 455;31 RUE HENRY;;;BP 455 ATTENTION MME JOCELYNE FEVRIER;4.60
AXA/LE SECOURS TOUR AXA 11EME FLEUVE 1 PLACE DES SAISONS;1 PLACE DES SAISONS;AXA/LE SECOURS TOUR AXA 11EME FLEUVE;;;3.90
C/O ABRI 19 RUE GUILLAUME TELL;19 RUE GUILLAUME TELL;;;C/O ABRI;3.90
RUE NEERVELD 101-103;RUE NEERVELD 101-103;;;;2.70
BOIS DE LA DUCHESSE - RN77;RN77;;;BOIS DE LA DUCHESSE;2.80
RUE JULES COCKX 8-10;RUE JULES COCKX 8-10;;;;2.70
34 RUE DE LA CROIX DE FER;34 RUE DE LA CROIX DE FER;;;;3.30
260 RUE DE LA PRAIRIE;260 RUE DE LA PRAIRIE;;;;3.30
57 RUE DE VARENNE;57 RUE DE VARENNE;;;;3.30
BP 352;BP 352;;;;2.20
C/O C.M.M.A. 3 COURS D'ORMESSON;3 COURS D'ORMESSON;;;C/O C.M.M.A.;3.90
12 BOULEVARD DE LA MADELEINE;12 BOULEVARD DE LA MADELEINE;;;;3.30
C/O AXA COURTAGE IARD MUT MME RIDOUX TOUR AXA 11EME FLEUVE 1 PLACE DES SAISONS;1 PLACE DES SAISONS;TOUR AXA 11EME FLEUVE;;C/O AXA COURTAGE IARD MUT MME RIDOUX;4.50
POSTBUS 964;POSTBUS 964;;;;2.20
C/O LA NORMANDIE LE CROC B.P. 63130;LE CROC;;;C/O LA NORMANDIE B.P. 63130;3.00
GEREONSHOF;GEREONSHOF;;;;2.20
76 RUE DE PRONY;76 RUE DE PRONY;;;;3.30
C/O SOBEVAL AVENUE LOUIS LESCURE;AVENUE LOUIS LESCURE;;;C/O SOBEVAL;3.30
C/O C.G.U. COURTAGE 100 RUE DE COURCELLES;100 RUE DE COURCELLES;;;C/O C.G.U. COURTAGE;3.90
COPIE INTERNE;COPIE INTERNE;;;;2.20
C/O S.M.A.C.L. ATTN. M. CANTIE 141 AVENUE SALVADOR ALLENDE;141 AVENUE SALVADOR ALLENDE;;;C/O S.M.A.C.L. ATTN. M. CANTIE;4.40
51 RUE DE LA BOETIE;51 RUE DE LA BOETIE;;;;3.30
SLAKWEIDESTRAAT 31;31 SLAKWEIDESTRAAT;;;;3.30
130 BOULEVARD DE LA LIBERTE;130 BOULEVARD DE LA LIBERTE;;;;3.30
KANAALSTRAAT 1;KANAALSTRAAT 1;;;;2.20
RUE JOSEPH CALOZET 11;RUE JOSEPH CALOZET 11;;;;2.70
50 BOULEVARD SEBASTOPOL;50 BOULEVARD SEBASTOPOL;;;;3.30
23 RUE FRANCOIS 1ER;23 RUE FRANCOIS 1ER;;;;3.30
VIERLINGHWEG 25;VIERLINGHWEG 25;;;;2.20
RUE DE WERGIFOSSE 39;RUE DE WERGIFOSSE 39;;;;2.70
GMF ASSURANCES ATTN MME HOUDARD 7 AVENUE MARCEL PROUST;7 AVENUE MARCEL PROUST;;;GMF ASSURANCES ATTN MME HOUDARD;3.90
C/O DUFOUR MANUTENTIONS RUE TERRE A BRIQUES 18;RUE TERRE A BRIQUES 18;;;C/O DUFOUR MANUTENTIONS;3.30
POSTBUS 421;POSTBUS 421;;;;2.20
PAE LA CREULE B.P. 147;PAE LA CREULE;;;B.P. 147;2.50
NIEUWENHOVESTRAAT 8;NIEUWENHOVESTRAAT 8;;;;2.20
AVENUE LOUIS LESCURE ZONE INDUSTRIELLE;AVENUE LOUIS LESCURE;;;ZONE INDUSTRIELLE;3.30
AVENUE LOUIS LESCURE ZONE INDUSTRIELLE;AVENUE LOUIS LESCURE;;;ZONE INDUSTRIELLE;3.30
DORPSSTRAAT 88;88 DORPSSTRAAT;;;;2.80
LES CAUVIACS;LES CAUVIACS;;;;2.20
POLARIS AVENUE 85;85 POLARIS AVENUE;;;;3.30
Z.I. N. 2;Z.I. N. 2;;;;2.20
ZI RIEDGEN;ZI RIEDGEN;;;;2.20
SPOORWEGSTRAAT 73;73 SPOORWEGSTRAAT;;;;2.80
40 RUE DE SÈVRES;40 RUE DE SÈVRES;;;;3.30
C/O MATMUT SERVICE FINANCIER REASSURANCE 66 RUE DE SOTTEVILLE;66 RUE DE SOTTEVILLE;;;C/O MATMUT SERVICE FINANCIER REASSURANCE;3.90
35 RUE JOSEPH MONIER;35 RUE JOSEPH MONIER;;;;3.30
22 AVENUE MONTAIGNE;22 AVENUE MONTAIGNE;;;;3.30
AUTOWEG 8;8 AUTOWEG;;;;2.80
PARC ARIANE 4 7 AVENUE DU 8 MAI 1945;7 AVENUE DU 8 MAI 1945;PARC ARIANE 4;;;3.40
1 SQUARE CHAPTAL;1 SQUARE CHAPTAL;;;;3.30
ZAC DU THERE AVENUE SAINT MATHURIN;AVENUE SAINT MATHURIN;;;ZAC DU THERE;3.30
6 RUE PETITOT;6 RUE PETITOT;;;;3.30
C/O VERBRAEKEN CONSTRUCTION NV HAVERHEIDELAAN 10;HAVERHEIDELAAN 10;;;C/O VERBRAEKEN CONSTRUCTION NV;2.80
SILBERNSTRASSE 14;14 SILBERNSTRASSE;;;;2.80
INDUSTRIEWEG 124;124 INDUSTRIEWEG;;;;2.80
Monsieur PETER VAN EECKE FABRIEKSTRAAT 23;23 FABRIEKSTRAAT;;;Monsieur PETER VAN EECKE;2.90
POSTBUS 86;POSTBUS 86;;;;2.20
IMMEUBLE ODYSSEY 110 AVENUE DE FRANCE;110 AVENUE DE FRANCE;IMMEUBLE ODYSSEY;;;3.90
103 RUE LA BOETIE;103 RUE LA BOETIE;;;;3.30
1514 AV DE LA REPUBLIQUE;1514 AV DE LA REPUBLIQUE;;;;2.80
12 BLD DE LA MADELEINE;12 BLD DE LA MADELEINE;;;;2.80
50 BD HAUSSMANN;50 BD HAUSSMANN;;;;2.80
1 AVENUE EUGENE FREYSSINET GUYANCOURT;1 AVENUE EUGENE FREYSSINET;;;GUYANCOURT;3.40
AVENUE MARNIX, 24;AVENUE MARNIX, 24;;;;2.70
B.O. FINANCIER BALZAC B 333;B.O. FINANCIER BALZAC;;B 333;;2.70
IMMEUBLE LUMIERE 40 AVENUE DES TERROIRS DE FRANCE;40 AVENUE DES TERROIRS DE FRANCE;IMMEUBLE LUMIERE;;;3.90
BOULEVARD DU ROI ALBERT II 27;27 BOULEVARD DU ROI ALBERT II;;;;3.30
4 RUE DE LA FONTAINE DES TOURNELLES;4 RUE DE LA FONTAINE DES TOURNELLES;;;;3.30
2 RUE DE LA RENAISSANCE  CENTRE D AFFAIRES BATIMENT C;2 RUE DE LA RENAISSANCE;CENTRE D AFFAIRES BATIMENT C;;;3.90
C/O DUFOUR TPTS MANUTENTIONS RUE TERRE A BRIQUES 18;RUE TERRE A BRIQUES 18;;;C/O DUFOUR TPTS MANUTENTIONS;3.30
TAV B & I / B & CM POSTBUS 25;TAV B & I / B & CM;;;POSTBUS 25;3.00
4 PLACE DE LA CONCORDE  1 RUE ROYALE;1 RUE ROYALE;;;4 PLACE DE LA CONCORDE;3.60
VIA CIOVASSINO 1/A;VIA CIOVASSINO 1/A;;;;2.70
C/O JOSKIN PIRARD HOLDING RUE DE WERGIFOSSE 39;RUE DE WERGIFOSSE 39;;;C/O JOSKIN PIRARD HOLDING;3.30
DIVISION BARRES DE TORSION 201 RUE DE SIN LE NOBLE - BP 629;201 RUE DE SIN LE NOBLE;DIVISION BARRES DE TORSION;;BP 629;4.20
107 RUE SAINT LAZARE;107 RUE SAINT LAZARE;;;;3.30
PLACE DU CHATEAU;PLACE DU CHATEAU;;;;2.70
LIEUDIT FAVEYROLLES;LIEUDIT FAVEYROLLES;;;;2.20
PARC D ACTIVITES ECONOMIQUES DE LA CREULE;PARC D ACTIVITES ECONOMIQUES DE LA CREULE;;;;2.20
POSTBUS 6;POSTBUS 6;;;;2.20
C/O P.F.A. T.R.C. 36 AVENUE DU GENERAL DE GAULLE;36 AVENUE DU GENERAL DE GAULLE;;;C/O P.F.A. T.R.C.;3.90
115-123 AVENUE CHARLES DE GAULLE  IMMEUBLE LE FRANCE;115-123 AVENUE CHARLES DE GAULLE;IMMEUBLE LE FRANCE;;;3.90
CORPORATES FINANCIAL SERVICES 1325 AVENUE OF AMERICAS;1325 AVENUE OF AMERICAS;;;CORPORATES FINANCIAL SERVICES;3.40
B.P. 125;B.P. 125;;;;2.20
11 RUE FRANCOIS 1ER;11 RUE FRANCOIS 1ER;;;;3.30
HAHNSTRASSE 49;49 HAHNSTRASSE;;;;2.80
2270 CHEMIN STEENSTRAETE;2270 CHEMIN STEENSTRAETE;;;;2.80
PRINSENKADE 4G 4H;PRINSENKADE 4G 4H;;;;2.20
AVENUE THEODULE GONDA 4;AVENUE THEODULE GONDA 4;;;;2.70
31-32 QUAI DE DION BOUTON;31-32 QUAI DE DION BOUTON;;;;3.30
AVENUE ROGER VANDENDRIESSCHE 18;AVENUE ROGER VANDENDRIESSCHE 18;;;;2.70
43 QUAI DE GRENELLE;43 QUAI DE GRENELLE;;;;3.30
203-205 RUE CARNOT;203-205 RUE CARNOT;;;;3.30
C/O PWC ENTREPRISES 63 RUE DE VILLIERS;63 RUE DE VILLIERS;;;C/O PWC ENTREPRISES;3.90
DAMSTRAAT 4;DAMSTRAAT 4;;;;2.20
1 RUE LA VRILLIERE;1 RUE LA VRILLIERE;;;;3.30
POSTBUS 3030;POSTBUS 3030;;;;2.20
POSTBUS 3030;POSTBUS 3030;;;;2.20
A L'ATTENTION DE DAVID CINDY PLACE DU CHATEAU BP 70091;PLACE DU CHATEAU;;;BP 70091 A L'ATTENTION DE DAVID CINDY;4.50
C/O COMMERCIAL UNION FRANCE 52 RUE DE LA VICTOIRE;52 RUE DE LA VICTOIRE;;;C/O COMMERCIAL UNION FRANCE;3.90
1 ALLEE DES BAS TILLIERS;1 ALLEE DES BAS TILLIERS;;;;2.80
HOOIEMEERSSTRAAT 8;8 HOOIEMEERSSTRAAT;;;;2.80
118/120 RUE DE RIVOLI;118/120 RUE DE RIVOLI;;;;3.30
LIEBERGERWEG 28;28 LIEBERGERWEG;;;;2.80
3 AVENUE ANDRE MALRAUX;3 AVENUE ANDRE MALRAUX;;;;3.30
C/O BRAEM GEBRS. HANDZAAMSE NIEUWSTRAAT 7;HANDZAAMSE NIEUWSTRAAT 7;;;C/O BRAEM GEBRS;2.80
Z.I. DE LA KRUYSTRAETE;Z.I. DE LA KRUYSTRAETE;;;;2.20
107 RUE SAINT LAZARE;107 RUE SAINT LAZARE;;;;3.30
1 AVENUE CLAUDE MONET IMMEUBLE LE RENAISSANCE;1 AVENUE CLAUDE MONET;IMMEUBLE LE RENAISSANCE;;;3.90
26 QUAI MARCEL BOYER CS 10020;26 QUAI MARCEL BOYER;;;CS 10020;4.10
HANDZAAMSE NIEUWSTRAAT 7;HANDZAAMSE NIEUWSTRAAT 7;;;;2.20
C/O MONSIEUR JEAN-PAUL MORIN 133, AVENUE DES CHAMPS ELYSEES;133, AVENUE DES CHAMPS ELYSEES;;;C/O MONSIEUR JEAN-PAUL MORIN;3.90
A L'ATTENTION DE M NICOLAS MONOT 1 AVENUE EUGENE FREYSSINET;1 AVENUE EUGENE FREYSSINET;;;A L'ATTENTION DE M NICOLAS MONOT;4.40
TAUNUSANLAGE 2;TAUNUSANLAGE 2;;;;2.20
60 LONDON WALL;60 LONDON WALL;;;;2.80
102 TERRASSE BOIELDIEU TOUR W;102 TERRASSE BOIELDIEU;TOUR W;;;3.40
POSTBUS 373;POSTBUS 373;;;;2.20
ZONE INDUSTRIELLE AVENUE LOUIS LESCURE;AVENUE LOUIS LESCURE;;;ZONE INDUSTRIELLE;3.30
COOLSINGEL 119;COOLSINGEL 119;;;;2.20
INDUSTRIEWEG 98 100;INDUSTRIEWEG 98 100;;;;2.20
LAAN VAN MALKENSCHOTEN 100;LAAN VAN MALKENSCHOTEN 100;;;;2.70
5 RUE ROYALE;5 RUE ROYALE;;;;3.30
BEVRIJDINGSLAAN 13 15;BEVRIJDINGSLAAN 13 15;;;;2.20
3 RUE DU COLONEL MOLL;3 RUE DU COLONEL MOLL;;;;3.30
130 BOULEVARD DE LA LIBERTE;130 BOULEVARD DE LA LIBERTE;;;;3.30
HEIRWEG 26;26 HEIRWEG;;;;2.80
PO BOX 990 LIBERE NDABAKWAJE;PO BOX 990;;;LIBERE NDABAKWAJE;2.30
15 AVENUE DE LA GRANDE ARMEE;15 AVENUE DE LA GRANDE ARMEE;;;;3.30
C/O PWC ENTREPRISES 63 RUE DE VILLIERS;63 RUE DE VILLIERS;;;C/O PWC ENTREPRISES;3.90
11 PLACE DE L'EUROPE;11 PLACE DE L'EUROPE;;;;3.30
KARACHI;KARACHI;;;;2.20
BAARBEEK 2;BAARBEEK 2;;;;2.20
5 COURS PAUL RICARD;5 COURS PAUL RICARD;;;;3.30
100 NORTH TRYON STREET;100 NORTH TRYON STREET;;;;3.30
28 PIAZZA CASTELLO  I-20121 MILANO;28 PIAZZA CASTELLO;;;I-20121 MILANO;3.10
1 ESPLANADE DE FRANCE;1 ESPLANADE DE FRANCE;;;;2.80
11 RUE PASTEUR;11 RUE PASTEUR;;;;3.30
4 ROUTE DE VILLE;4 ROUTE DE VILLE;;;;3.30
C/O FRATERNELLE B.P. 311;B.P. 311;;;C/O FRATERNELLE;2.80
63 AVENUE DES CHAMPS-ELYSEES;63 AVENUE DES CHAMPS-ELYSEES;;;;3.30
COSTERSTRAAT 18;COSTERSTRAAT 18;;;;2.20
118/120 RUE DE RIVOLI;118/120 RUE DE RIVOLI;;;;3.30
C/O PWC ENTREPRISES 63 RUE DE VILLIERS;63 RUE DE VILLIERS;;;C/O PWC ENTREPRISES;3.90
C/O EI TUYAUTERIE ELECTROMECANIQ 5 RUE DES GARENNES ZI;5 RUE DES GARENNES;;;C/O EI TUYAUTERIE ELECTROMECANIQ ZI;4.40
C/O AMPACET EUROPE SA HEADQUARTERS - MME MAZZEI Z.I. RIEDGEN;Z.I. RIEDGEN;;;C/O AMPACET EUROPE SA HEADQUARTERS MME MAZZEI;2.80
3-5 RUE BAYARD;3-5 RUE BAYARD;;;;3.30
C/O EQUITE 32 RUE DE MOGADOR;32 RUE DE MOGADOR;;;C/O EQUITE;3.90
BROEKSTRAAT 13;13 BROEKSTRAAT;;;;2.80
201 RUE DE SIN LE NOBLE BP 629;201 RUE DE SIN LE NOBLE;;;BP 629;4.10
MARNIXLAAN 24;24 MARNIXLAAN;;;;2.80
DOMAINE DE BEAUBOURG BP 81;DOMAINE DE BEAUBOURG;;;BP 81;3.00
1 COURS MICHELET  CS 30051;1 COURS MICHELET;;;CS 30051;4.10
C/O EAGLE STAR FRANCE TOUR AURORE 18 PLACE DES REFLETS - CEDEX 05;18 PLACE DES REFLETS;TOUR AURORE;;C/O EAGLE STAR FRANCE- CEDEX 05;4.70
112 CHEMIN DU MOULIN CARRON CAMPUS SEB;112 CHEMIN DU MOULIN CARRON;CAMPUS SEB;;;2.90
C/O LA MUTUELLE DE POITIERS BOITE POSTALE 297;BOITE POSTALE 297;;;C/O LA MUTUELLE DE POITIERS;2.80
1 RUE DES MIMOSAS;1 RUE DES MIMOSAS;;;;3.30
118/120 RUE DE RIVOLI;118/120 RUE DE RIVOLI;;;;3.30
BOULEVARD INDUSTRIEL, 96;96 BOULEVARD INDUSTRIEL;;;;3.30
2 ROUTE DE VILLE;2 ROUTE DE VILLE;;;;3.30
1 RUE JEAN MERMOZ  ZAE SAINT-GUENAULT;1 RUE JEAN MERMOZ;;;ZAE SAINT-GUENAULT;3.90
104 RUE DE RICHELIEU;104 RUE DE RICHELIEU;;;;3.30
C/O M.A.C.S.F. 20 RUE BRUNEL;20 RUE BRUNEL;;;C/O M.A.C.S.F.;3.90
59 AVENUE ANDRE ROUSSIN;59 AVENUE ANDRE ROUSSIN;;;;3.30
GILDENSTRAAT 26;26 GILDENSTRAAT;;;;2.80
76 RUE DE PRONY;76 RUE DE PRONY;;;;3.30
AUTOWEG 10;10 AUTOWEG;;;;2.80
AUTOSTRADE 10;10 AUTOSTRADE;;;;2.80
RUE TERRE A BRIQUES 18;RUE TERRE A BRIQUES 18;;;;2.70
121 AVENUE DES CHAMPS ELYSEES;121 AVENUE DES CHAMPS ELYSEES;;;;3.30
2710 GATEWAY OAKS DRIVE C/O CORPORATION SERVICE COMPANY SUITE 150N;2710 GATEWAY OAKS DRIVE;;SUITE 150N;C/O CORPORATION SERVICE COMPANY;4.90
26 QUAI MARCEL BOYER;26 QUAI MARCEL BOYER;;;;3.30
ATT M KOEN VAN PARYS BOULEVARD DU ROI ALBERT II 27;27 BOULEVARD DU ROI ALBERT II;;;ATT M KOEN VAN PARYS;3.40
31 BIS RUE SAINT ROMAIN;31 BIS RUE SAINT ROMAIN;;;;3.30
107 RUE SAINT LAZARE;107 RUE SAINT LAZARE;;;;3.30
151-155 RUE DE BERCY;151-155 RUE DE BERCY;;;;3.30
23 RUE FRANCOIS 1ER;23 RUE FRANCOIS 1ER;;;;3.30
ROTERIJSTRAAT, 201-203  B 8793;ROTERIJSTRAAT, 201-203;;;B 8793;2.50
17 BOULEVARD HAUSSMANN;17 BOULEVARD HAUSSMANN;;;;3.30
40 AVENUE DE FLANDRE;40 AVENUE DE FLANDRE;;;;3.30
EINDHOUTSEWEG 32;EINDHOUTSEWEG 32;;;;2.20
23 RUE FRANCOIS 1ER;23 RUE FRANCOIS 1ER;;;;3.30
21 RUE LA BOETIE;21 RUE LA BOETIE;;;;3.30
C/O EUROFIT SA BOULEVARD FRERE ORBAN 18;BOULEVARD FRERE ORBAN 18;;;C/O EUROFIT SA;3.30
35 RUE JOSEPH MONIER;35 RUE JOSEPH MONIER;;;;3.30
TOUR B LA DEFENSE 4 9EME ETAGE 110 ESPLANADE DU GRAL DE GAULLE;110 ESPLANADE DU GRAL DE GAULLE;TOUR B LA DEFENSE 4;9EME ETAGE;;4.40
VIERLINGHWEG 25 NL 4622 PN BERGEN OP ZOOM;VIERLINGHWEG 25;;;NL 4622 PN BERGEN OP ZOOM;2.50
1 PASSERELLE DES REFLETS TOUR  CBX;1 PASSERELLE DES REFLETS;TOUR CBX;;;3.40
1 RUE DU CHENIL DOMAINE DE BEAUBOURG CS 30175 CROISSY BEAUBOURG;1 RUE DU CHENIL DOMAINE DE BEAUBOURG;;;CS 30175 CROISSY BEAUBOURG;4.10
1 RUE CLAUDE MONET IMMEUBLE LE RENAISSANCE;1 RUE CLAUDE MONET;IMMEUBLE LE RENAISSANCE;;;3.90
177 AVENUE GEORGES CLEMENCEAU A L'ATTENTION DE M. ERIC BRAUX IMMEUBLE LE PLEIN OUEST;177 AVENUE GEORGES CLEMENCEAU;IMMEUBLE LE PLEIN OUEST;;A L'ATTENTION DE M. ERIC BRAUX;5.00
26 PLACE DE LA GARE;26 PLACE DE LA GARE;;;;3.30
B.P. 91;B.P. 91;;;;2.20
S GRAVENWEG 114;S GRAVENWEG 114;;;;2.20
2 RUE DE FOLJUIF;2 RUE DE FOLJUIF;;;;3.30
23 RUE FRANCOIS 1ER;23 RUE FRANCOIS 1ER;;;;3.30
ATTENTION MME JOCELYNE FEVRIER 31 RUE HENRY BP455;31 RUE HENRY;;;BP455 ATTENTION MME JOCELYNE FEVRIER;4.10
C/O GROUPE MMA -D.F. BACK OFFICE FINANCIER - BALZAC B333 10 BOULEVARD ALEXANDRE OYON;10 BOULEVARD ALEXANDRE OYON;BALZAC;B333;C/O GROUPE MMA -D.F. BACK OFFICE FINANCIER;4.50
67 RUE ARAGO;67 RUE ARAGO;;;;3.30
41 RUE MARTRE;41 RUE MARTRE;;;;3.30
8 AVENUE HOCHE;8 AVENUE HOCHE;;;;3.30
25 BANK STREET CANARY WHARF;25 BANK STREET;;;CANARY WHARF;3.90
39 RUE DE LA GARE DE REUILLY;39 RUE DE LA GARE DE REUILLY;;;;3.30
45 AVENUE DE SAINT CLOUD;45 AVENUE DE SAINT CLOUD;;;;3.30
21 29 RUE DU CLOS REINE;21 29 RUE DU CLOS REINE;;;;3.30
8 RUE GEORGE SAND;8 RUE GEORGE SAND;;;;3.30
110 AVENUE DE FRANCE;110 AVENUE DE FRANCE;;;;3.30
RUNNENBURG 30;30 RUNNENBURG;;;;2.80
LEUVENSESTEENWEG 643 BOITE 15;LEUVENSESTEENWEG 643;BOITE 15;;;2.30
C/O CICO CENTRE LIEU DIT SUR BAGATELLE ROUTE DE SURGY - ZI;ROUTE DE SURGY;;;ZI - C/O CICO CENTRE LIEU DIT SUR BAGATELLE;4.30
C/O IMPRESSION BELGIUM AVENUE DE L INDUSTRIE 13;AVENUE DE L INDUSTRIE 13;;;C/O IMPRESSION BELGIUM;3.30
42 AVENUE DE FRIEDLAND;42 AVENUE DE FRIEDLAND;;;;3.30
RUE D ARLON 53 BTE 2;RUE D ARLON 53;;;BTE 2;3.00
13 ALLEE DU CHATEAU BLANC CS 70205;13 ALLEE DU CHATEAU BLANC;;;CS 70205;3.60
32 RUE DE PONTHIEU;32 RUE DE PONTHIEU;;;;3.30
SERVICE COMPTABILITE AVENUE MARNIX 24;AVENUE MARNIX 24;;;SERVICE COMPTABILITE;2.80
GODEFRIDUSKAAI 36;36 GODEFRIDUSKAAI;;;;2.80
LEVEL 3 8 FENCHURCH PLACE;8 FENCHURCH PLACE;;LEVEL 3;;4.30
6 AVENUE DU MARAIS BP 90028;6 AVENUE DU MARAIS;;;BP 90028;4.10
1209 ORANGE STREET  WILMINGTON NEW CASTLE;1209 ORANGE STREET;;;WILMINGTON NEW CASTLE;3.40
RUE TERRE A BRIQUES 18;RUE TERRE A BRIQUES 18;;;;2.70
43 AVENUE PIERRE MENDES-FRANCE;43 AVENUE PIERRE MENDES-FRANCE;;;;3.30
1-3 RUE BLANCHE IMMEUBLE THEODORE;1-3 RUE BLANCHE;IMMEUBLE THEODORE;;;3.90
DIRECTION TRESORERIE ATTENTION DE CHRISTINE DORISON 1 AVENUE EUGENE FREYSSINET;1 AVENUE EUGENE FREYSSINET;;;DIRECTION TRESORERIE ATTENTION DE CHRISTINE DORISON;3.80
40 RUE DE SEVRES;40 RUE DE SEVRES;;;;3.30
CHRISTIAN NEEFESTRAAT 2;CHRISTIAN NEEFESTRAAT 2;;;;2.20
45 RUE MARYSE BASTIE;45 RUE MARYSE BASTIE;;;;3.30
23 RUE FRANCOIS 1ER;23 RUE FRANCOIS 1ER;;;;3.30
107 RUE SAINT LAZARE;107 RUE SAINT LAZARE;;;;3.30
40 BOULEVARD HENRI SELLIER;40 BOULEVARD HENRI SELLIER;;;;3.30
2 BOULEVARD HENRI BECQUEREL ESPACE CORMONTAIGNE;2 BOULEVARD HENRI BECQUEREL;;;ESPACE CORMONTAIGNE;3.40
52 ROUTE D'ESCH;52 ROUTE D'ESCH;;;;3.30
SLUISJESDIJK 127;SLUISJESDIJK 127;;;;2.20
IMMEUBLE LE PLEIN OUEST 177 AVENUE GEORGES CLEMENCEAU;177 AVENUE GEORGES CLEMENCEAU;IMMEUBLE LE PLEIN OUEST;;;3.90
PLACE DU CHATEAU;PLACE DU CHATEAU;;;;2.70
C/O GAN IARD ATTN. M. DIDIER REMOND 5/7 RUE DU CENTRE;5/7 RUE DU CENTRE;;;C/O GAN IARD ATTN. M. DIDIER REMOND;4.40
LE WEDGE 101 RUE LOUIS CONSTANT;101 RUE LOUIS CONSTANT;LE WEDGE;;;3.40
8 BOULEVARD EINSTEIN;8 BOULEVARD EINSTEIN;;;;3.30
C OOSTROM S CONSERVENFABRIEKEN A L ATTENTION DE MR L SCHIPPER POSTBUS 61;POSTBUS 61;;;C OOSTROM S CONSERVENFABRIEKEN A L ATTENTION DE MR L SCHIPPER;2.70
AALSTERSESTRAAT 122;AALSTERSESTRAAT 122;;;;2.20
10 RUE GEORGE SAND;10 RUE GEORGE SAND;;;;3.30
DEPARTEMENT TRESORERIE 147 RUE DE PARIS;147 RUE DE PARIS;;;DEPARTEMENT TRESORERIE;3.90
HERENGRACHT 450 POB 268;HERENGRACHT 450;;;POB 268;3.00
IMMEUBLE LA PACIFIC LA DEFENSE 7 11 13 COURS VALMY;11 13 COURS VALMY;IMMEUBLE LA PACIFIC;;LA DEFENSE 7;4.20
C/O VDL JONCKHEERE BUS ET COACH ATT. LEEN ALGOET SCHOOLSTRAAT 50;SCHOOLSTRAAT 50;;;C/O VDL JONCKHEERE BUS ET COACH ATT. LEEN ALGOET;2.80
RIJNAAKKADE 6;RIJNAAKKADE 6;;;;2.20
23 RUE FRANCOIS 1ER;23 RUE FRANCOIS 1ER;;;;3.30
P/O BOX 72;P/O BOX 72;;;;2.20
31-35 RUE DE LA FÉDÉRATION;31-35 RUE DE LA FÉDÉRATION;;;;3.30
HERENGRACHT 469;HERENGRACHT 469;;;;2.20
255 QUAI DE LA BATAILLE DE  STALINGRAD;255 QUAI DE LA BATAILLE DE STALINGRAD;;;;3.30
110 RUE GUSTAVE EIFFEL PAVILLON HERMES ZI LA COUPE;110 RUE GUSTAVE EIFFEL;PAVILLON HERMES;;ZI LA COUPE;4.00
P.O. BOX 2;P.O. BOX 2;;;;2.20
IMMEUBLE REFLEX LES RENARDIERES 4 PLACE VICTOR HUGO;4 PLACE VICTOR HUGO;IMMEUBLE REFLEX LES RENARDIERES;;;3.90
FABRIEKSTRAAT 23;23 FABRIEKSTRAAT;;;;2.80
C/O G VERDUYN NV GALGESTRAAT 9;GALGESTRAAT 9;;;C/O G VERDUYN NV;2.80
CARGO 6 - 6 RUE DU PAVE  CS 11546 TREMBLAY EN FRANCE;6 RUE DU PAVE;CARGO 6 -;;CS 11546 TREMBLAY EN FRANCE;4.70
CHEMIN DU PETIT-BOIS BP 172;CHEMIN DU PETIT-BOIS;;;BP 172;3.00
HOOIEMEERSSTRAAT 8;HOOIEMEERSSTRAAT 8;;;;2.20
22 RUE DU DOCTEUR LANCEREAUX;22 RUE DU DOCTEUR LANCEREAUX;;;;3.30
ALLEE DE BELGIQUE ZONE ARTOIPOLE II LIEUDIT L'EPINETTE;ALLEE DE BELGIQUE;;;ZONE ARTOIPOLE II LIEUDIT L'EPINETTE;2.80
C/O PWC ENTREPRISES 63 RUE DE VILLIERS;63 RUE DE VILLIERS;;;C/O PWC ENTREPRISES;3.90
HANDZAAMSE NIEUWSTRAAT 7;HANDZAAMSE NIEUWSTRAAT 7;;;;2.20
154 RUE VICTOR HUGO CS 20232 LA HUNE COWORKING;154 RUE VICTOR HUGO;;;CS 20232 LA HUNE COWORKING;4.10
40 QUAI DE DION BOUTON;40 QUAI DE DION BOUTON;;;;3.30
CARGO 6 - 6 RUE DU PAVE  CS 16276 TREMBLAY EN FRANCE;6 RUE DU PAVE;CARGO 6 -;;CS 16276 TREMBLAY EN FRANCE;4.70
147 RUE DE PARIS;147 RUE DE PARIS;;;;3.30
179 RUE DE SAINT GERMAIN CS80114;179 RUE DE SAINT GERMAIN;;;CS80114;3.60
HULSDONK 35;35 HULSDONK;;;;2.80
13 AVENUE DE L INDUSTRIE;13 AVENUE DE L INDUSTRIE;;;;3.30
AVENUE LOUIS LESCURE;AVENUE LOUIS LESCURE;;;;2.70
A L'ATTENTION DE MME COUTELIER 149 RUE DE MERVILLE;149 RUE DE MERVILLE;;;A L'ATTENTION DE MME COUTELIER;4.40
RUE DES AWIRS N 10;RUE DES AWIRS N 10;;;;2.70
C/O C.I.A.M. ATTN. A. POLAKPETERSBOURG B.P. 677;B.P. 677;;;C/O C.I.A.M. ATTN. A. POLAKPETERSBOURG;3.30
19 RUE MICHEL DE COMTE;19 RUE MICHEL DE COMTE;;;;3.30
EUROPALAAN 17;EUROPALAAN 17;;;;2.20
41 43 RUE PERIER;41 43 RUE PERIER;;;;3.30
23 RUE FRANCOIS 1ER;23 RUE FRANCOIS 1ER;;;;3.30
C/O DHOLLANDIA NV ZOOMSTRAAT 9;ZOOMSTRAAT 9;;;C/O DHOLLANDIA NV;2.80
11 RUE DE TILSITT;11 RUE DE TILSITT;;;;3.30
12-18 RUE GABRIEL PERI;12-18 RUE GABRIEL PERI;;;;3.30
C/O SIOEN INDUSTRIES NV FABRIEKSTRAAT 23;FABRIEKSTRAAT 23;;;C/O SIOEN INDUSTRIES NV;2.80
ZAC DU BOIS CHALAND 12 RUE DU BOIS CHALAND;12 RUE DU BOIS CHALAND;;;ZAC DU BOIS CHALAND;4.40
FOR CATARINA JESPERSON BOX 13080;FOR CATARINA JESPERSON;;;BOX 13080;2.50
76 RUE DE PRONY;76 RUE DE PRONY;;;;3.30
C/O ALSACIENNE 1 CHEMIN DU WACKEN;1 CHEMIN DU WACKEN;;;C/O ALSACIENNE;3.40
GELEENLAAN 20;20 GELEENLAAN;;;;2.80
43 AVENUE PIERRE MENDES-FRANCE;43 AVENUE PIERRE MENDES-FRANCE;;;;3.30
4 BOULEVARD DE MONS;4 BOULEVARD DE MONS;;;;3.30
VIA PALEOCAPA 5;VIA PALEOCAPA 5;;;;2.70
46 AVENUE DE LA GRANDE ARMEE;46 AVENUE DE LA GRANDE ARMEE;;;;3.30
60 LONDON WALL;60 LONDON WALL;;;;2.80
